W00KG09662,I2KG211287,43bf78,google_books
W00KG09662,I2KG211288,e4272e,google_books
W00KG09662,I2KG211289,15e901,google_books
W00KG09662,I2KG211290,19097c,google_books
W00KG09662,I2KG211291,be0f72,google_books
W00KG09662,I2KG211292,d52fba,google_books
W00KG09662,I2KG211293,6077fc,google_books
W00KG09662,I2KG211294,3c9861,google_books
W00KG09662,I2KG211295,25dd1d,google_books
W00KG09662,I2KG211296,9f82a1,google_books
W00KG09662,I2KG211297,1c1196,google_books
W1AC218,I2PD18580,0df9f9,google_books
W1AC218,I2PD18581,9dc04f,google_books
W1AC305,I2PD17747,e84236,google_books
W1AC305,I2PD17748,c2b200,google_books
W1AC305,I2PD17749,12d598,google_books
W1AC306,I2PD17741,1c982b,google_books
W1AC306,I2PD17742,0efa2b,google_books
W1AC307,I4PD4475,645677,google_books
W1AC307,I4PD4476,690d18,google_books
W1AC308,I4PD3945,60e34b,google_books
W1AC308,I4PD3946,a9c52c,google_books
W1AC308,I4PD3947,ec6315,google_books
W1AC308,I4PD3948,b711f7,google_books
W1AC308,I4PD3949,9502f1,google_books
W1AC314,I2PD18020,5a9b22,google_books
W1AC314,I2PD18021,ad0a43,google_books
W1AC359,I2PD18503,06855d,google_books
W1AC359,I2PD18504,1c4711,google_books
W1AC359,I2PD18505,879e1c,google_books
W1AC359,I2PD18506,b523fe,google_books
W1AC359,I2PD18507,27b9bb,google_books
W1AC364,I2PD17984,2ed225,google_books
W1AC364,I2PD17985,7a7569,google_books
W1AC364,I2PD17986,59f895,google_books
W1AC364,I2PD17987,f5d641,google_books
W1AC364,I2PD17988,17e150,google_books
W1AC364,I2PD17989,a2138d,google_books
W1AC364,I2PD17990,28db1b,google_books
W1AC364,I2PD17991,5c341e,google_books
W1AC364,I2PD17992,e51ecc,google_books
W1AC364,I2PD17993,39310b,google_books
W1AC364,I2PD17994,b301b9,google_books
W1AC364,I2PD17995,bfbfd0,google_books
W1AC364,I2PD17996,234f97,google_books
W1AC364,I2PD17997,88e198,google_books
W1AC371,I2PD17653,e3ddbb,google_books
W1AC371,I2PD17654,dbd965,google_books
W1AC371,I2PD17655,1f6803,google_books
W1AC371,I2PD17656,990581,google_books
W1AC371,I2PD17657,054ef4,google_books
W1AC371,I2PD17658,19f1ce,google_books
W1AC375,I4PD2758,d7fe1e,google_books
W1AC375,I4PD2759,f13c98,google_books
W1AC375,I4PD2760,d82f86,google_books
W1AC375,I4PD2761,89666b,google_books
W1AC375,I4PD2762,596c84,google_books
W1AC375,I4PD2763,3fc229,google_books
W1AC375,I4PD2764,1a1a30,google_books
W1AC375,I4PD2765,b96d76,google_books
W1AC375,I4PD2766,0f9373,google_books
W1AC375,I4PD2767,4b0713,google_books
W1AC375,I4PD2768,b7ae5e,google_books
W1AC375,I4PD2769,196665,google_books
W1AC375,I4PD2770,60e0c1,google_books
W1AC375,I4PD2771,84a2f4,google_books
W1AC375,I4PD2772,30dc80,google_books
W1AC375,I4PD2773,94c591,google_books
W1AC375,I4PD2774,6dd2c3,google_books
W1AC375,I4PD2775,bc51c7,google_books
W1AC375,I4PD2776,ecb968,google_books
W1AC382,I2PD18230,5b15de,google_books
W1AC382,I2PD18231,448a76,google_books
W1AC392,I2PD19739,8205f7,google_books
W1AC392,I2PD19740,8f36b5,google_books
W1AC432,I2PD17834,5825f4,google_books
W1AC432,I2PD17835,f03def,google_books
W1KG11871,I1KG16472,c50a86,google_books
W1KG11871,I1KG16473,630086,google_books
W1KG11871,I1KG16474,f7ce11,google_books
W1KG11871,I1KG16475,c47303,google_books
W1KG11871,I1KG16476,777578,google_books
W1KG11871,I1KG16477,cb8fb5,google_books
W1KG11871,I1KG16478,8ec43e,google_books
W1KG11871,I1KG16479,7b5771,google_books
W1KG11871,I1KG16480,9321c4,google_books
W1KG11871,I1KG16481,a1e2a2,google_books
W1KG11871,I1KG16482,d5526c,google_books
W1KG11871,I1KG16483,72ac44,google_books
W1KG11903,I1KG12023,aa5962,google_books
W1KG11903,I1KG12024,cdc773,google_books
W1KG14335,I1KG14657,6c8395,google_vision
W1KG14335,I1KG14658,712487,google_vision
W1KG14335,I1KG14659,bb6dfc,google_vision
W1KG14335,I1KG14660,9a1a5b,google_vision
W1KG14335,I1KG14661,22a58c,google_vision
W1KG14721,I2PD18611,caab0f,google_books
W1KG14721,I2PD18612,e5cdb2,google_books
W1KG14721,I2PD18613,66b147,google_books
W1KG15420,I1KG110433,9e293b,google_books
W1KG15420,I1KG110434,0d7b23,google_books
W1KG15420,I1KG110435,88efc2,google_books
W1KG15420,I1KG110436,09f555,google_books
W1KG15420,I1KG110437,215164,google_books
W1KG15420,I1KG110438,95b922,google_books
W1KG15420,I1KG110439,ec81fd,google_books
W1KG16648,I4PD2552,b8ddbc,google_books
W1KG16648,I4PD2553,c38e20,google_books
W1KG16648,I4PD2554,40f75b,google_books
W1KG16648,I4PD2555,b7fa8d,google_books
W1KG16648,I4PD2556,8eb0f1,google_books
W1KG16648,I4PD2557,d74be8,google_books
W1KG16648,I4PD2558,295101,google_books
W1KG16648,I4PD2559,0459be,google_books
W1KG16648,I4PD2560,9aba47,google_books
W1KG16648,I4PD2561,eb2278,google_books
W1KG16651,I2PD17674,8d3b67,google_books
W1KG16651,I2PD17675,d79d81,google_books
W1KG16651,I2PD17676,2f75f3,google_books
W1KG16651,I2PD17677,c94abc,google_books
W1KG16651,I2PD17678,9efd64,google_books
W1KG16651,I2PD17679,2bb6c9,google_books
W1KG16651,I2PD17680,381bec,google_books
W1KG16651,I2PD17681,dff4e7,google_books
W1KG16651,I2PD17682,67668f,google_books
W1KG16651,I2PD17683,689922,google_books
W1KG16651,I2PD17684,15c051,google_books
W1KG16651,I2PD17685,410f12,google_books
W1KG16651,I2PD17686,e8a84d,google_books
W1KG16651,I2PD17687,26e319,google_books
W1KG16651,I2PD17688,36effb,google_books
W1KG16652,I4PD2600,48fc32,google_books
W1KG16652,I4PD2601,6d40cd,google_books
W1KG16652,I4PD2602,c9a162,google_books
W1KG16652,I4PD2603,c4f56a,google_books
W1KG16652,I4PD2604,c66984,google_books
W1KG16652,I4PD2605,7520a8,google_books
W1KG16652,I4PD2606,7208bc,google_books
W1KG16652,I4PD2607,61b802,google_books
W1KG16652,I4PD2608,e5c08e,google_books
W1KG16652,I4PD2609,428354,google_books
W1KG16652,I4PD2610,52e716,google_books
W1KG16652,I4PD2611,758824,google_books
W1KG16652,I4PD2612,39f3f1,google_books
W1KG16652,I4PD2613,e57702,google_books
W1KG16652,I4PD2614,d8052e,google_books
W1KG16652,I4PD2615,81104d,google_books
W1KG16652,I4PD2616,5644f3,google_books
W1KG16652,I4PD2617,5acfed,google_books
W1KG16652,I4PD2618,1e377f,google_books
W1KG16652,I4PD2619,f8168a,google_books
W1KG16652,I4PD2620,2dc87d,google_books
W1KG16652,I4PD2621,ebc66a,google_books
W1KG16652,I4PD2622,0e1267,google_books
W1KG16652,I4PD2623,3a5420,google_books
W1KG16653,I4PD2702,fe7c22,google_books
W1KG16653,I4PD2703,eb5310,google_books
W1KG16653,I4PD2704,bf8eda,google_books
W1KG16653,I4PD2705,f7f5c4,google_books
W1KG16653,I4PD2706,da799c,google_books
W1KG16653,I4PD2707,3d6809,google_books
W1KG16653,I4PD2708,265e75,google_books
W1KG16653,I4PD2709,7962b0,google_books
W1KG16653,I4PD2710,00640e,google_books
W1KG16653,I4PD2711,7d3c3a,google_books
W1KG16653,I4PD2712,c0f0c6,google_books
W1KG16653,I4PD2713,15fa51,google_books
W1KG16653,I4PD2714,78d438,google_books
W1KG16653,I4PD2715,1c3714,google_books
W1KG16653,I4PD2716,bbbbe3,google_books
W1KG16653,I4PD2717,b38380,google_books
W1KG16653,I4PD2718,ba21b7,google_books
W1KG16653,I4PD2719,4d2233,google_books
W1KG16653,I4PD2720,c7c20b,google_books
W1KG16653,I4PD2721,d2092b,google_books
W1KG16653,I4PD2722,ec63ef,google_books
W1KG16655,I4PD2634,b74b96,google_books
W1KG16655,I4PD2635,b5a9fd,google_books
W1KG16655,I4PD2636,4aba83,google_books
W1KG16655,I4PD2637,575915,google_books
W1KG16655,I4PD2638,2c91db,google_books
W1KG16655,I4PD2639,a8948f,google_books
W1KG16655,I4PD2640,799591,google_books
W1KG16655,I4PD2641,e31424,google_books
W1KG16655,I4PD2642,7f2cc6,google_books
W1KG16655,I4PD2643,035423,google_books
W1KG16655,I4PD2644,4e4d34,google_books
W1KG16655,I4PD2645,349508,google_books
W1KG16655,I4PD2646,838507,google_books
W1KG16655,I4PD2647,090cab,google_books
W1KG16655,I4PD2648,375864,google_books
W1KG16655,I4PD2649,682015,google_books
W1KG16655,I4PD2650,413d7d,google_books
W1KG16655,I4PD2651,bfc202,google_books
W1KG16655,I4PD2652,a40b9e,google_books
W1KG16655,I4PD2653,24f7b1,google_books
W1KG16655,I4PD2654,c1b14c,google_books
W1KG16655,I4PD2655,d72559,google_books
W1KG16655,I4PD2656,0bdabc,google_books
W1KG16655,I4PD2657,e8bd1b,google_books
W1KG16655,I4PD2658,1b9a8c,google_books
W1KG16655,I4PD2659,850cba,google_books
W1KG16655,I4PD2660,5d9f6f,google_books
W1KG16655,I4PD2661,4b18d3,google_books
W1KG16655,I4PD2662,31cc1d,google_books
W1KG16655,I4PD2663,ad9ab0,google_books
W1KG16655,I4PD2664,8cfa13,google_books
W1KG16655,I4PD2665,8eb305,google_books
W1KG16714,I2PD18513,289c5e,google_books
W1KG16714,I2PD18514,7bae02,google_books
W1KG16714,I2PD18515,9a3237,google_books
W1KG16714,I2PD18516,776ef9,google_books
W1KG16714,I2PD18517,f95e11,google_books
W1KG16714,I2PD18518,313222,google_books
W1KG17189,I1KG17459,a15062,google_books
W1KG17189,I1KG17460,c2d2e3,google_books
W1KG17189,I1KG17461,1be795,google_books
W1KG17189,I1KG17462,c0d792,google_books
W1KG17189,I1KG17463,062e87,google_books
W1KG17189,I1KG17464,137e4d,google_books
W1KG17189,I1KG17465,c08c4c,google_books
W1KG17189,I1KG17466,b5ca3f,google_books
W1KG17189,I1KG17467,937c99,google_books
W1KG17189,I1KG17468,ec5dbe,google_books
W1KG17189,I1KG17469,c8c886,google_books
W1KG17189,I1KG17470,82fe8e,google_books
W1KG17189,I1KG17471,49c459,google_books
W1KG17189,I1KG17472,87ea0e,google_books
W1KG17190,I1KG17474,e14905,google_vision
W1KG17190,I1KG17475,5c4a51,google_vision
W1KG17190,I1KG17476,2f3a09,google_vision
W1KG17190,I1KG17477,bf0904,google_vision
W1KG17199,I1KG17543,6ccdcd,google_books
W1KG17199,I1KG17544,5bd8cf,google_books
W1KG17431,I1KG110447,797333,google_books
W1KG17431,I1KG110448,85bd37,google_books
W1KG20929,I1KG20994,27b7bb,google_books
W1KG20929,I1KG20995,c50523,google_books
W1KG21706,I1KG21765,92e81e,google_books
W1KG21706,I1KG21766,bba86c,google_books
W1KG25001,I1KG25003,be3b24,google_vision
W1KG25001,I1KG25004,182a70,google_vision
W1KG25001,I1KG25005,474730,google_vision
W1KG25343,I1KG25345,5beab8,google_books
W1KG25343,I1KG25346,4f0ada,google_books
W1KG25688,I1KG25690,da898e,google_books
W1KG25688,I1KG25691,f39127,google_books
W1KG4275,I1KG80347,0a6c33,google_books
W1KG4275,I1KG80348,29f02e,google_books
W1KG4275,I1KG80349,a35148,google_books
W1KG4324,I1KG4382,5b4620,google_books
W1KG4324,I1KG4383,82df8c,google_books
W1PD133161,I4PD2789,870d80,google_books
W1PD133161,I4PD2790,922695,google_books
W1PD133161,I4PD2791,e07e25,google_books
W1PD133161,I4PD2792,29eb1f,google_books
W1PD133161,I4PD2793,fbe1a4,google_books
W1PD133161,I4PD2794,6070ce,google_books
W1PD133161,I4PD2795,935b37,google_books
W1PD133161,I4PD2796,197e9c,google_books
W1PD133161,I4PD2797,3d469a,google_books
W1PD133161,I4PD2798,4b5ad3,google_books
W1PD133161,I4PD2799,05cc67,google_books
W1PD133161,I4PD2800,91efdd,google_books
W1PD133161,I4PD2801,5c7b4e,google_books
W1PD133161,I4PD2802,3da9e8,google_books
W1PD133161,I4PD2803,86fa6a,google_books
W1PD133161,I4PD2804,e2b58d,google_books
W1PD133161,I4PD2805,1a3bfa,google_books
W1PD133164,I2PD20416,729369,google_books
W1PD133164,I2PD20417,20f254,google_books
W1PD133164,I2PD20418,445e0f,google_books
W1PD133164,I2PD20419,f53042,google_books
W1PD133164,I2PD20420,e2c128,google_books
W1PD133164,I2PD20421,a4846e,google_books
W1PD133164,I2PD20422,375ce0,google_books
W1PD133164,I2PD20423,e4d9a7,google_books
W1PD133170,I2PD19746,27152a,google_books
W1PD133170,I2PD19747,3ccc8d,google_books
W1PD133170,I2PD19748,aa79a4,google_books
W1PD133170,I2PD19749,6c2b30,google_books
W1PD133170,I2PD19750,50dc4e,google_books
W1PD133170,I2PD19751,e4246d,google_books
W1PD133170,I2PD19752,df6802,google_books
W1PD133170,I2PD19753,8c5a1d,google_books
W1PD137838,I2PD18305,fa75b3,google_books
W1PD137838,I2PD18306,855450,google_books
W1PD137846,I2PD18208,b2a00a,google_books
W1PD137846,I2PD18209,985418,google_books
W1PD137846,I2PD18210,dff9e2,google_books
W1PD137878,I2PD18011,e92a65,google_books
W1PD137878,I2PD18012,3a3ad1,google_books
W1PD137878,I2PD18013,13f878,google_books
W1PD137878,I2PD18014,91cdfe,google_books
W1PD137878,I2PD18015,2be319,google_books
W1PD137878,I2PD18016,7ab9c5,google_books
W1PD137883,I2PD18473,2105c1,google_books
W1PD137883,I2PD18474,bf53ae,google_books
W1PD137883,I2PD18475,d999ea,google_books
W1PD137883,I2PD18476,99e28e,google_books
W1PD137883,I2PD18477,619560,google_books
W1PD137883,I2PD18478,dd3bd6,google_books
W1PD137884,I2PD18585,5c1b85,google_books
W1PD137884,I2PD18586,7474b8,google_books
W1PD137884,I2PD18587,f41940,google_books
W1PD137884,I2PD18588,67e699,google_books
W1PD137884,I2PD18589,03dd81,google_books
W1PD137884,I2PD18590,a49ebd,google_books
W1PD137886,I2PD17662,5390e4,google_books
W1PD137886,I2PD17663,c5f48a,google_books
W1PD152291,I2PD18407,d944e3,google_books
W1PD152291,I2PD18408,cbf716,google_books
W1PD152291,I2PD18409,128d28,google_books
W1PD152291,I2PD18410,51372d,google_books
W1PD152291,I2PD18411,a2203d,google_books
W1PD152291,I2PD18412,79ae62,google_books
W1PD152291,I2PD18413,98c863,google_books
W1PD152291,I2PD18414,5ab52f,google_books
W1PD152291,I2PD18415,1b70c1,google_books
W1PD152291,I2PD18416,6a90a1,google_books
W1PD152291,I2PD18417,1ec4f8,google_books
W1PD152291,I2PD18418,195caf,google_books
W1PD152291,I2PD18419,8451a2,google_books
W1PD152291,I2PD18420,054192,google_books
W1PD152291,I2PD18421,b3560b,google_books
W1PD152291,I2PD18422,663f8d,google_books
W1PD152291,I2PD18423,e97a68,google_books
W1PD152291,I2PD18424,6f80dc,google_books
W1PD159398,I4PD3438,d2d782,google_vision
W1PD159398,I4PD3439,8d3292,google_vision
W1PD159398,I4PD3440,fb43e2,google_vision
W1PD159398,I4PD3441,9d5d19,google_vision
W1PD159398,I4PD3442,64ebf5,google_vision
W1PD159398,I4PD3443,cf092f,google_vision
W1PD159398,I4PD3444,e20ee0,google_vision
W1PD159398,I4PD3445,673c83,google_vision
W1PD159398,I4PD3446,be4419,google_vision
W1PD159398,I4PD3447,af9463,google_vision
W1PD159398,I4PD3448,4d017e,google_vision
W1PD159398,I4PD3449,aad914,google_vision
W1PD159398,I4PD3450,888ee9,google_vision
W1PD159398,I4PD3451,49a5c2,google_vision
W1PD159398,I4PD3452,fff20a,google_vision
W1PD159398,I4PD3453,6eda3d,google_vision
W1PD159398,I4PD3454,c3f781,google_vision
W1PD159398,I4PD3455,c7b8fc,google_vision
W1PD159398,I4PD3456,0f782d,google_vision
W1PD159398,I4PD3457,56e61d,google_vision
W1PD159398,I4PD3458,e4f737,google_vision
W1PD159398,I4PD3459,f3d4a4,google_vision
W1PD159398,I4PD3460,91efb5,google_vision
W1PD159398,I4PD3461,75776d,google_vision
W1PD159398,I4PD3462,e18970,google_vision
W1PD159398,I4PD3463,f6494f,google_vision
W1PD159398,I4PD3464,209c1b,google_vision
W1PD159398,I4PD3465,ec1c44,google_vision
W1PD159398,I4PD3466,75efc3,google_vision
W1PD159398,I4PD3467,35d2f3,google_vision
W1PD159398,I4PD3468,32126a,google_vision
W1PD159398,I4PD3469,90b01f,google_vision
W1PD159398,I4PD3470,0e96fa,google_vision
W1PD159398,I4PD3471,efc77a,google_vision
W1PD159398,I4PD3472,e3b1bf,google_vision
W1PD159398,I4PD3473,b6b233,google_vision
W1PD159398,I4PD3474,f3ff26,google_vision
W1PD159398,I4PD3475,3a152a,google_vision
W1PD159398,I4PD3476,464bb4,google_vision
W1PD159398,I4PD3477,db8db0,google_vision
W1PD159398,I4PD3478,7f77c0,google_vision
W1PD159398,I4PD3479,fd2317,google_vision
W1PD159411,I2PD18480,0a8871,google_books
W1PD159411,I2PD18481,2b8d43,google_books
W1PD159411,I2PD18482,09668d,google_books
W1PD177557,I1KG15052,f7ae17,google_books
W1PD177557,I1KG15053,75cd4d,google_books
W1PD177557,I1KG15054,280b30,google_books
W1PD177557,I1KG15055,1eafe1,google_books
W1PD177557,I1KG15056,d632c0,google_books
W1PD192036,I2PD17744,0ff422,google_books
W1PD192036,I2PD17745,9fd63a,google_vision
W1PD192038,I1KG81370,a565fc,google_books
W1PD192038,I1KG81371,06097d,google_books
W1PD45152,I2DB57582,c883bb,google_vision
W1PD45152,I2DB57583,f0539e,google_vision
W1PD95787,I1PD98399,533160,google_books
W1PD95787,I1PD98400,021447,google_books
W1PD95787,I1PD98401,666ad4,google_vision
W20428,I1KG5742,828449,google_vision
W20428,I1KG5743,de07c1,google_vision
W22013,I1KG13552,226e1a,google_books
W22013,I1KG13553,274901,google_books
W22018,I1KG13555,82441c,google_books
W22018,I1KG13556,4678cc,google_books
W23635,I1KG13611,2518c9,google_books
W23635,I1KG13612,83b1c3,google_books
W23635,I1KG13613,1162cc,google_books
W23635,I1KG13614,157c60,google_books
W23635,I1KG13615,8bbbd6,google_books
W23635,I3593,5945ab,google_vision
W23635,I3594,473ea7,google_vision
W23635,I3595,86d754,google_vision
W23635,I3596,436d31,google_vision
W29339,I1KG15264,851a0e,google_books
W29339,I5273,a17477,google_vision
W29483,I1PD394,36a8bf,google_books
W29483,I1PD395,4062d4,google_books
W2DB4575,I1PD34089,e85a83,google_vision
W2DB4575,I1PD34090,34579c,google_vision
W2KG200924,I2KG207275,ab6542,google_books
W2KG200924,I2KG207276,b5067d,google_books
W2KG201051,I2KG207435,54af1c,google_books
W2KG201051,I2KG207436,d0e86b,google_books
W2KG201051,I2KG207437,881ae6,google_books
W2KG201051,I2KG207438,8dc2a5,google_books
W2KG201051,I2KG207439,297523,google_books
W2KG201051,I2KG207440,1275f3,google_books
W2KG201051,I2KG207441,77152e,google_books
W2KG201051,I2KG207442,013d5d,google_books
W2KG201051,I2KG207443,6faff6,google_books
W2KG201051,I2KG207444,683286,google_books
W2KG201051,I2KG207445,001651,google_books
W2KG201051,I2KG207446,3ec55c,google_books
W2KG201051,I2KG207447,aae31f,google_books
W2KG201051,I2KG207448,6b6a50,google_books
W2KG201051,I2KG207449,a27738,google_books
W2KG201051,I2KG207450,abc277,google_books
W2KG201051,I2KG207451,1e622a,google_books
W2KG201051,I2KG207452,da9acf,google_books
W2KG201051,I2KG207453,b6aa29,google_books
W2KG201051,I2KG207454,57832a,google_books
W2KG201051,I2KG207455,8d9abd,google_books
W2KG201051,I2KG207456,9afeb1,google_books
W2KG201051,I2KG207457,700abe,google_books
W2KG201051,I2KG207458,adc7b5,google_books
W2KG201051,I2KG207459,34bdd1,google_books
W2KG201051,I2KG207460,057bed,google_books
W2KG201051,I2KG207461,4eb04a,google_books
W2KG201051,I2KG207462,31eb61,google_books
W2KG201051,I2KG207463,fffbb6,google_books
W2KG201051,I2KG207464,e20552,google_books
W2KG201051,I2KG207465,0dc173,google_books
W2KG201051,I2KG207466,6d51fe,google_books
W2KG201051,I2KG207467,33ea7c,google_books
W2KG201051,I2KG207468,a479e4,google_books
W2KG201051,I2KG207469,b0802f,google_books
W2KG201051,I2KG207470,7fc54a,google_books
W2KG201051,I2KG207471,6f445e,google_books
W2KG201051,I2KG207472,2b6fd1,google_books
W2KG201051,I2KG207473,cba22c,google_books
W2KG201051,I2KG207474,a533f4,google_books
W2KG201051,I2KG207475,696be2,google_books
W2KG201051,I2KG207476,936d28,google_books
W2KG201051,I2KG207477,bf0cc7,google_books
W2KG201051,I2KG207478,b5ad52,google_books
W2KG201051,I2KG207479,7557c4,google_books
W2KG201051,I2KG207480,530d9c,google_books
W2KG201051,I2KG207481,a5f4d4,google_books
W2KG201051,I2KG207482,a4c2fd,google_books
W2KG201051,I2KG207483,d873b1,google_books
W2KG201051,I2KG207484,d2d3cb,google_books
W2KG201051,I2KG207485,795e51,google_books
W2KG201051,I2KG207486,11fee7,google_books
W2KG201051,I2KG207487,87acd8,google_books
W2KG201051,I2KG207488,ee9824,google_books
W2KG201051,I2KG207489,4a6e83,google_books
W2KG201051,I2KG207490,a9d190,google_books
W2KG201051,I2KG207491,907ba7,google_books
W2KG201051,I2KG207492,bafb77,google_books
W2KG201051,I2KG207493,0599e7,google_books
W2KG201051,I2KG207494,c3f043,google_books
W2KG201051,I2KG207495,383fdb,google_books
W2KG201051,I2KG207496,de7f3e,google_books
W2KG201051,I2KG207497,59eda7,google_books
W2KG201051,I2KG207498,cc698e,google_books
W2KG201051,I2KG207499,819dff,google_books
W2KG201051,I2KG207500,1bcf13,google_books
W2KG201051,I2KG207501,445f1a,google_books
W2KG201051,I2KG207502,45ce18,google_books
W2KG201051,I2KG207503,bc0e78,google_books
W2KG201051,I2KG207504,cd3782,google_books
W2KG201051,I2KG207505,9293f0,google_books
W2KG201051,I2KG207506,d27dce,google_books
W2KG201051,I2KG207507,00102d,google_books
W2KG201051,I2KG207508,d7464f,google_books
W2KG201051,I2KG207509,dcdce9,google_books
W2KG201051,I2KG207510,305d4f,google_books
W2KG201051,I2KG207511,2c0fce,google_books
W2KG201051,I2KG207512,5df0a0,google_books
W2KG201051,I2KG207513,1c1c89,google_books
W2KG201051,I2KG207514,60752e,google_books
W2KG201051,I2KG207515,d3eb67,google_books
W2KG201051,I2KG207516,213c93,google_books
W2KG201051,I2KG207517,db1611,google_books
W2KG201051,I2KG207518,d4ae02,google_books
W2KG201051,I2KG207519,1f5e99,google_books
W2KG201051,I2KG207520,e75160,google_books
W2KG201051,I2KG207521,12e54a,google_books
W2KG201051,I2KG207522,18a11b,google_books
W2KG201051,I2KG207523,9f72d5,google_books
W2KG201051,I2KG207524,15932a,google_books
W2KG201051,I2KG207525,8d79b0,google_books
W2KG201051,I2KG207526,ed138e,google_books
W2KG201051,I2KG207527,2c7c04,google_books
W2KG201051,I2KG207528,52261e,google_books
W2KG201051,I2KG207529,723726,google_books
W2KG201051,I2KG207530,80df2c,google_books
W2KG201051,I2KG207531,132e69,google_books
W2KG201051,I2KG207532,d49fd4,google_books
W2KG201051,I2KG207533,a6e80d,google_books
W2KG201051,I2KG207534,98fcd1,google_books
W2KG201051,I2KG207535,3b8fa1,google_books
W2KG201051,I2KG207536,670c83,google_books
W2KG201051,I2KG207537,dce902,google_books
W2KG201051,I2KG207538,827b76,google_books
W2KG201051,I2KG207539,35ed49,google_books
W2KG201051,I2KG207540,707af5,google_books
W2KG201051,I2KG207541,74bf4b,google_books
W2KG201051,I2KG207542,8e05cf,google_books
W2KG201051,I2KG207543,52b598,google_books
W2KG201051,I2KG207544,a3983a,google_books
W2KG201051,I2KG207545,6e57d8,google_books
W2KG201051,I2KG207546,a2ae4b,google_books
W2KG201051,I2KG207547,2443b7,google_books
W2KG207574,I2KG208010,0d4755,google_books
W2KG207574,I2KG208011,e427c0,google_books
W2KG208030,I2KG208049,5719f9,google_books
W2KG208030,I2KG208050,518ef4,google_books
W2KG208030,I2KG208051,5d6f2b,google_books
W2KG208030,I2KG208052,7c9632,google_books
W2KG208030,I2KG208053,4aa473,google_books
W2KG208030,I2KG208054,d50df0,google_books
W2KG208030,I2KG208055,b7c6c2,google_books
W2KG208030,I2KG208056,e7a920,google_books
W2KG208030,I2KG208057,6fe1ab,google_books
W2KG208030,I2KG208058,a450f6,google_books
W2KG208030,I2KG208059,735ee7,google_books
W2KG208030,I2KG208060,aac5a3,google_books
W2KG208030,I2KG208061,c225a2,google_books
W2KG208030,I2KG208062,1fb8a4,google_books
W2KG208030,I2KG208063,4552b8,google_books
W2KG208030,I2KG208064,1579bd,google_books
W2KG208030,I2KG208065,cd21aa,google_books
W2KG208030,I2KG208066,4e09ee,google_books
W2KG208030,I2KG208067,84c994,google_books
W2KG209077,I2KG209088,4dc047,google_books
W2KG209077,I2KG209089,98049f,google_books
W2KG209077,I2KG209090,03065c,google_books
W2KG209077,I2KG209091,f4b05c,google_books
W2KG209077,I2KG209092,05189f,google_books
W2KG209077,I2KG209093,d025ab,google_books
W2KG209077,I2KG209094,e11a0a,google_books
W2KG209077,I2KG209095,24d346,google_books
W2KG212703,I2KG213887,b63334,google_books
W2KG212703,I2KG213888,71f84f,google_books
W2KG212706,I2KG213897,cc54e6,google_books
W2KG212706,I2KG213898,3f1601,google_books
W2KG212706,I2KG213899,bceab0,google_books
W2KG212706,I2KG213900,d6aabf,google_books
W2KG212706,I2KG213901,740526,google_books
W2KG212706,I2KG213902,99798c,google_books
W2KG212706,I2KG213903,8eaa99,google_books
W2KG212708,I2KG213911,7d9aed,google_books
W2KG212708,I2KG213912,f24307,google_books
W2KG212708,I2KG213913,493dcb,google_books
W2KG212708,I2KG213914,aefb94,google_books
W2KG212708,I2KG213915,2407b2,google_books
W2KG212708,I2KG213916,39f3c6,google_books
W2KG212708,I2KG213917,f1d649,google_books
W2KG212708,I2KG213918,19542c,google_books
W2KG212708,I2KG213919,d8cfdf,google_books
W2KG5037,I2KG217533,7486b0,google_books
W2KG5037,I2KG217534,0c7106,google_books
W2KG5037,I2KG217535,e3e3f9,google_books
W2KG5037,I2KG217536,d74894,google_books
W2KG5037,I2KG217537,ada9fc,google_books
W2KG5037,I2KG217538,a349ef,google_books
W2KG5037,I2KG217539,8f3a2e,google_books
W2KG5037,I2KG217540,166557,google_books
W2KG5037,I2KG217541,5a348d,google_books
W2KG5037,I2KG217542,d9e8b2,google_books
W2KG5037,I2KG217543,411839,google_books
W2KG5037,I2KG217544,1d2fec,google_books
W2KG5037,I2KG217545,2053b7,google_books
W2KG5037,I2KG217546,947ce7,google_books
W2KG5037,I2KG217547,378462,google_books
W2KG5037,I2KG217548,f72b45,google_books
W2KG5037,I2KG217549,360535,google_books
W2KG5037,I2KG217550,0d192d,google_books
W2KG5037,I2KG217551,92d43f,google_books
W2KG5037,I2KG217552,7628a9,google_books
W2KG5037,I2KG217553,110bde,google_books
W2KG5037,I2KG217554,dfe838,google_books
W2KG5037,I2KG217555,7227bb,google_books
W2KG5037,I2KG217556,ee460a,google_books
W2KG5037,I2KG217557,508257,google_books
W2KG5037,I2KG217558,78cd63,google_books
W2KG5037,I2KG217559,9fcee1,google_books
W2KG5037,I2KG217560,30b6b9,google_books
W2KG5037,I2KG217561,47bf2c,google_books
W2KG5037,I2KG217562,4049b7,google_books
W2KG5037,I2KG217563,b48fbf,google_books
W2KG5037,I2KG217564,fe2bed,google_books
W2KG5037,I2KG217565,47e2f9,google_books
W2KG5037,I2KG217566,48763e,google_books
W2KG5037,I2KG217567,302933,google_books
W2KG5037,I2KG217568,1bdc20,google_books
W2KG5037,I2KG217569,6b28a4,google_books
W2KG5037,I2KG217570,543663,google_books
W2KG5037,I2KG217571,9a13d5,google_books
W2KG5037,I2KG217572,c270bc,google_books
W2KG5037,I2KG217573,0bd1c8,google_books
W2KG5037,I2KG217574,f5c28c,google_books
W2KG5037,I2KG217575,9b1dab,google_books
W2KG5037,I2KG217576,7e4763,google_books
W2KG5037,I2KG217577,5e11bb,google_books
W2PD16805,I4PD2814,20d681,google_books
W2PD16805,I4PD2815,586085,google_books
W2PD16805,I4PD2816,33591e,google_books
W2PD16805,I4PD2817,e32786,google_books
W2PD16805,I4PD2818,a10aa7,google_books
W2PD16805,I4PD2819,26e983,google_books
W2PD16805,I4PD2820,913083,google_books
W2PD16805,I4PD2821,2fcac9,google_books
W2PD16805,I4PD2822,9f8146,google_books
W2PD16805,I4PD2823,7b7ee2,google_books
W2PD16805,I4PD2824,b82bc1,google_books
W2PD16805,I4PD2825,82e206,google_books
W2PD16805,I4PD2826,3add67,google_books
W2PD16805,I4PD2827,e2f2c4,google_books
W2PD16805,I4PD2828,db4c23,google_books
W2PD16805,I4PD2829,02b119,google_books
W2PD16805,I4PD2830,a4fc8a,google_books
W2PD16805,I4PD2831,ecea03,google_books
W2PD16805,I4PD2832,0b8ee2,google_books
W2PD16805,I4PD2833,420fd5,google_books
W2PD16805,I4PD2834,adcd32,google_books
W2PD16805,I4PD2835,a4b463,google_books
W2PD16805,I4PD2836,0e139d,google_books
W2PD16805,I4PD2837,5adac9,google_books
W2PD16805,I4PD2838,7d9855,google_books
W2PD16805,I4PD2839,09db12,google_books
W2PD16805,I4PD2840,803703,google_books
W2PD16805,I4PD2841,90d121,google_books
W2PD16805,I4PD2842,2c4910,google_books
W2PD16805,I4PD2843,585b4a,google_books
W2PD16805,I4PD2844,7b4b07,google_books
W2PD16805,I4PD2845,944b66,google_books
W2PD16805,I4PD2846,1a50be,google_books
W2PD16805,I4PD2847,dd3bf8,google_books
W2PD16805,I4PD2848,29d197,google_books
W2PD16805,I4PD2849,e59b5a,google_books
W2PD16805,I4PD2850,f9f386,google_books
W2PD16805,I4PD2851,8bc4fb,google_books
W2PD16805,I4PD2852,17c776,google_books
W2PD16805,I4PD2853,a9498a,google_books
W2PD16805,I4PD2854,3d6b34,google_books
W2PD16805,I4PD2855,1c6661,google_books
W2PD16805,I4PD2856,306ce2,google_books
W2PD16805,I4PD2857,50cfb8,google_books
W2PD16805,I4PD2858,cefe60,google_books
W2PD16805,I4PD2859,e0c854,google_books
W2PD16805,I4PD2860,c5f3df,google_books
W2PD16805,I4PD2861,ad5ea7,google_books
W2PD16805,I4PD2862,9a38d7,google_books
W2PD16805,I4PD2863,cb4a80,google_books
W2PD16805,I4PD2864,5f3eed,google_books
W2PD16805,I4PD2865,475ece,google_books
W2PD16805,I4PD2866,d95858,google_books
W2PD16805,I4PD2867,37b5c1,google_books
W2PD16805,I4PD2868,c8a34d,google_books
W2PD16805,I4PD2869,0ec0de,google_books
W2PD16805,I4PD2870,932210,google_books
W2PD16805,I4PD2871,5c2590,google_books
W2PD16805,I4PD2872,e20b71,google_books
W2PD16805,I4PD2873,8edf7a,google_books
W2PD16805,I4PD2874,662819,google_books
W2PD16805,I4PD2875,9129d8,google_books
W2PD16805,I4PD2876,e249d5,google_books
W2PD16805,I4PD2877,1d6c75,google_books
W2PD16805,I4PD2878,489e12,google_books
W2PD16805,I4PD2879,5724ae,google_books
W2PD16805,I4PD2880,313dfc,google_books
W2PD16805,I4PD2881,715866,google_books
W2PD16805,I4PD2882,fd6234,google_books
W2PD16805,I4PD2883,d8b73c,google_books
W2PD16805,I4PD2884,738ecd,google_books
W2PD16805,I4PD2885,dd7315,google_books
W2PD16805,I4PD2886,2c3bbc,google_books
W2PD16805,I4PD2887,73401c,google_books
W2PD16805,I4PD2888,1fa768,google_books
W2PD16805,I4PD2889,c9ab4d,google_books
W2PD16805,I4PD2890,05ba04,google_books
W2PD16805,I4PD2891,707ea6,google_books
W2PD16805,I4PD2892,b55575,google_books
W2PD16805,I4PD2893,966e94,google_books
W2PD16805,I4PD2894,ab7bd3,google_books
W2PD16805,I4PD2895,4a0cb1,google_books
W2PD16805,I4PD2896,72d324,google_books
W2PD16805,I4PD2897,d45e50,google_books
W2PD16805,I4PD2898,88717f,google_books
W2PD16805,I4PD2899,ab6a99,google_books
W2PD16805,I4PD2900,321b25,google_books
W2PD16805,I4PD2901,169832,google_books
W2PD16805,I4PD2902,667c0d,google_books
W2PD16805,I4PD2903,b0eaf6,google_books
W2PD16805,I4PD2904,6cd13c,google_books
W2PD16805,I4PD2905,dd4f87,google_books
W2PD16805,I4PD2906,68c7a8,google_books
W2PD16805,I4PD2907,c6a2a1,google_books
W2PD16805,I4PD2908,fc4200,google_books
W2PD17385,I3PD1000,08f048,google_books
W2PD17385,I3PD1001,5a6e98,google_books
W2PD17385,I3PD1002,a56e91,google_books
W2PD17385,I3PD1003,b4a2f2,google_books
W2PD17385,I3PD1004,b963d6,google_books
W2PD17385,I3PD1005,d088cf,google_books
W2PD17385,I3PD1006,67a110,google_books
W2PD17385,I3PD1007,b343b3,google_books
W2PD17385,I3PD1008,c67001,google_books
W2PD17385,I3PD1009,1d905f,google_books
W2PD17385,I3PD1010,82e44f,google_books
W2PD17385,I3PD1011,ae1bfc,google_books
W2PD17385,I3PD1012,4a47a2,google_books
W2PD17385,I3PD1013,e28ee5,google_books
W2PD17385,I3PD1014,296cca,google_books
W2PD17385,I3PD1015,74a158,google_books
W2PD17385,I3PD1016,6c079e,google_books
W2PD17385,I3PD1017,f23147,google_books
W2PD17385,I3PD1018,8075cf,google_books
W2PD17385,I3PD1019,7655ae,google_books
W2PD17385,I3PD1020,278b24,google_books
W2PD17385,I3PD1021,e130fe,google_books
W2PD17385,I3PD1022,1013bb,google_books
W2PD17385,I3PD1023,c5f8b2,google_books
W2PD17385,I3PD1024,db239f,google_books
W2PD17385,I3PD1025,068f9d,google_books
W2PD17385,I3PD1026,6c1169,google_books
W2PD17385,I3PD1027,7e03c6,google_books
W2PD17385,I3PD1028,db65ac,google_books
W2PD17385,I3PD1029,f3f733,google_books
W2PD17385,I3PD1030,ac8727,google_books
W2PD17385,I3PD1031,1b0dbc,google_books
W2PD17385,I3PD1032,cb2730,google_books
W2PD17385,I3PD1033,92cccf,google_books
W2PD17385,I3PD1034,ccbeac,google_books
W2PD17385,I3PD1035,07a679,google_books
W2PD17385,I3PD1036,d8db3e,google_books
W2PD17385,I3PD1037,e154b4,google_books
W2PD17385,I3PD1038,e3cb20,google_books
W2PD17385,I3PD1039,fa6001,google_books
W2PD17385,I3PD1040,c01dbe,google_books
W2PD17385,I3PD1041,ce2aaa,google_books
W2PD17385,I3PD1042,cb05d2,google_books
W2PD17385,I3PD1043,77580e,google_books
W2PD17385,I3PD1044,e8b537,google_books
W2PD17385,I3PD1045,6f49b6,google_books
W2PD17385,I3PD1046,684d02,google_books
W2PD17385,I3PD1047,42db75,google_books
W2PD17385,I3PD1048,d8f874,google_books
W2PD17385,I3PD1049,42987f,google_books
W2PD17385,I3PD1050,28921d,google_books
W2PD17385,I3PD1051,3975f8,google_books
W2PD17385,I3PD1052,323ad9,google_books
W2PD17385,I3PD1053,5bb226,google_books
W2PD17385,I3PD994,deaef8,google_books
W2PD17385,I3PD995,527ef9,google_books
W2PD17385,I3PD996,2722a3,google_books
W2PD17385,I3PD997,f38e92,google_books
W2PD17385,I3PD998,14bc71,google_books
W2PD17385,I3PD999,20d79a,google_books
W2PD17395,I4PD2967,5d21c5,google_books
W2PD17395,I4PD2968,a25c42,google_books
W2PD17396,I4PD2970,8321dd,google_books
W2PD17396,I4PD2971,c7b7bb,google_books
W2PD17429,I4PD2563,9f38ca,google_books
W2PD17429,I4PD2564,1234ff,google_books
W2PD17429,I4PD2565,b5ac7f,google_books
W2PD17429,I4PD2566,cdf83c,google_books
W2PD17429,I4PD2567,d4c591,google_books
W2PD17429,I4PD2568,403dca,google_books
W2PD17429,I4PD2569,eaafd9,google_books
W2PD17429,I4PD2570,f15bf7,google_books
W2PD17429,I4PD2571,eb903b,google_books
W2PD17429,I4PD2572,021901,google_books
W2PD17429,I4PD2573,74646a,google_books
W2PD17429,I4PD2574,0849ec,google_books
W2PD17429,I4PD2575,6686dc,google_books
W2PD17429,I4PD2576,7825dd,google_books
W2PD17429,I4PD2577,c1265c,google_books
W2PD17465,I4PD1674,041a8f,google_books
W2PD17465,I4PD1675,a06840,google_books
W2PD17465,I4PD1676,4c42b0,google_books
W2PD17465,I4PD1677,7f628c,google_books
W2PD17465,I4PD1678,d9cbaf,google_books
W2PD17465,I4PD1679,f28e45,google_books
W2PD17465,I4PD1680,43d6d8,google_books
W2PD17465,I4PD1681,ffbd04,google_books
W2PD17465,I4PD1682,878767,google_books
W2PD17465,I4PD1683,f108fc,google_books
W2PD17465,I4PD1684,1d7362,google_books
W2PD17465,I4PD1685,4b5fce,google_books
W2PD17465,I4PD1686,b1415b,google_books
W2PD17465,I4PD1687,440c1e,google_books
W2PD17465,I4PD1688,ff0ce9,google_books
W2PD17465,I4PD1689,4b2b6e,google_books
W2PD17538,I4PD1563,856447,google_books
W2PD17538,I4PD1564,2aa92e,google_books
W2PD17538,I4PD1565,e658bd,google_books
W2PD17538,I4PD1566,56ee8c,google_books
W2PD17538,I4PD1567,6955b9,google_books
W2PD17538,I4PD1568,b3164c,google_books
W2PD17538,I4PD1569,eddef2,google_books
W2PD17538,I4PD1570,ee0c78,google_books
W2PD17538,I4PD1571,b52d6c,google_books
W2PD17538,I4PD1572,fb86f4,google_books
W2PD17538,I4PD1573,e2e67e,google_books
W2PD17538,I4PD1574,154ea7,google_books
W2PD17538,I4PD1575,412ddb,google_books
W2PD17538,I4PD1576,bb7c9b,google_books
W2PD17538,I4PD1577,5e1224,google_books
W2PD17538,I4PD1578,3fce37,google_books
W2PD17538,I4PD1579,a76e71,google_books
W2PD17538,I4PD1580,dc64a5,google_books
W2PD17538,I4PD1581,1b9c74,google_books
W2PD17538,I4PD1582,0f156c,google_books
W2PD17538,I4PD1583,bfd428,google_books
W2PD17538,I4PD1584,c5f71c,google_books
W2PD17538,I4PD1585,b4e401,google_books
W2PD17538,I4PD1586,41f68e,google_books
W2PD17538,I4PD1587,6a30a7,google_books
W2PD17538,I4PD1588,2aeb82,google_books
W2PD17538,I4PD1589,ccaae0,google_books
W2PD17629,I2PD19288,c01b3c,google_books
W2PD17629,I2PD19289,db5add,google_books
W2PD17629,I2PD19290,602df6,google_books
W2PD17629,I2PD19291,c96279,google_books
W2PD19769,I2PD19932,f9f00a,google_vision
W2PD19769,I2PD19933,467187,google_vision
W2PD19769,I2PD19934,8f3b55,google_vision
W2PD19769,I2PD19935,1c7e19,google_vision
W2PD19769,I2PD19936,d96a94,google_vision
W2PD19769,I2PD19937,82c519,google_vision
W2PD19769,I2PD19938,ec5c58,google_vision
W2PD19769,I2PD19939,e0b192,google_vision
W2PD19769,I2PD19940,72a877,google_vision
W2PD19769,I2PD19941,f7e373,google_vision
W2PD19769,I2PD19942,22e942,google_vision
W2PD19769,I2PD19943,8bf23d,google_vision
W2PD19769,I2PD19944,0d4991,google_vision
W2PD19769,I2PD19945,76eb5f,google_vision
W2PD19769,I2PD19946,2ec674,google_vision
W2PD19769,I2PD19947,696551,google_vision
W2PD19769,I2PD19948,6c955a,google_vision
W2PD19769,I2PD19949,b6a49e,google_vision
W2PD19769,I2PD19950,93f3a1,google_vision
W2PD19769,I2PD19951,606b1d,google_vision
W2PD19769,I2PD19952,73cbdd,google_vision
W2PD19769,I2PD19953,48cfb2,google_vision
W2PD19769,I2PD19954,9d8650,google_vision
W2PD19769,I2PD19955,57a251,google_vision
W2PD19769,I2PD19956,5f8869,google_vision
W2PD19769,I2PD19957,878e5f,google_vision
W2PD19769,I2PD19958,6c1c28,google_vision
W2PD19769,I2PD19959,ae9a5e,google_vision
W2PD19769,I2PD19960,7d9468,google_vision
W2PD19769,I2PD19961,412f0b,google_vision
W2PD19769,I2PD19962,4df7f7,google_vision
W2PD19769,I2PD19963,a1a44c,google_vision
W2PD19769,I2PD19964,becb62,google_vision
W2PD19769,I2PD19965,72ba32,google_vision
W2PD19769,I2PD19966,dca41b,google_vision
W2PD19769,I2PD19967,2cf72a,google_vision
W2PD19769,I2PD19968,8c3aa4,google_vision
W2PD19769,I2PD19969,4844ac,google_vision
W2PD19769,I2PD19970,c1ab81,google_vision
W2PD19769,I2PD19971,cbcf74,google_vision
W2PD19769,I2PD19972,18aeb2,google_vision
W3CN17679,I3CN17682,93be0c,google_books
W3CN17679,I3CN17683,2f097d,google_books
W3CN17679,I3CN17684,762ba5,google_books
W3CN17685,I3CN17688,8fa5fd,google_books
W3CN17685,I3CN17689,5f208f,google_books
W3CN17685,I3CN17690,4ada80,google_books
W3CN17736,I3CN17738,f02803,google_books
W3CN17736,I3CN17739,a9cead,google_books
W3CN21525,I3CN21723,598997,google_books
W3CN21525,I3CN21724,bb7ef7,google_books
W3CN21526,I3CN21726,002128,google_books
W3CN21526,I3CN21727,3b8f0e,google_books
W3CN21526,I3CN21728,083190,google_books
W3CN21526,I3CN21729,64f197,google_books
W3CN21526,I3CN21730,cf3017,google_books
W3CN21541,I3CN21750,83f668,google_books
W3CN21541,I3CN21751,3aefbe,google_books
W3CN21541,I3CN21752,df3131,google_books
W3CN21541,I3CN21753,4263fd,google_books
W3CN21541,I3CN21754,a43ee6,google_books
W3CN21541,I3CN21755,e0faa6,google_books
W3CN21546,I3CN21947,e9fd75,google_books
W3CN21546,I3CN21948,d69dc3,google_books
W3CN21546,I3CN21949,23231c,google_books
W3CN21547,I3CN21951,75e2ab,google_books
W3CN21547,I3CN21952,12c3a5,google_books
W3CN21547,I3CN21953,88a8c0,google_books
W3CN21547,I3CN21954,81f2f4,google_books
W3CN21547,I3CN21955,6a9732,google_books
W3CN21548,I3CN21957,8722a3,google_books
W3CN21548,I3CN21958,20ff59,google_books
W3CN21548,I3CN21959,cf2210,google_books
W3CN21548,I3CN21960,b07f9c,google_books
W3CN21562,I3CN21976,c44e60,google_books
W3CN21562,I3CN21977,6b3659,google_books
W3CN21562,I3CN21978,e4e742,google_books
W3CN21562,I3CN21979,a7e81f,google_books
W3CN21562,I3CN21980,9d617d,google_books
W3CN21562,I3CN21981,94cb65,google_books
W3CN21562,I3CN21982,376640,google_books
W3CN21563,I3CN21984,a72ef0,google_books
W3CN21563,I3CN21985,eb40d1,google_books
W3CN21563,I3CN21986,658897,google_books
W3CN21564,I3CN21988,3e4a91,google_books
W3CN21564,I3CN21989,cc9e79,google_books
W3CN21564,I3CN21990,17beba,google_books
W3CN22339,I4CN10007,f59d15,google_books
W3CN22339,I4CN10008,ad63cc,google_books
W3CN22339,I4CN10009,366ece,google_books
W3CN22339,I4CN10010,9b0a5c,google_books
W3CN22339,I4CN10011,b5dd4d,google_books
W3CN22339,I4CN10012,05900b,google_books
W3CN22339,I4CN10013,ad22ac,google_books
W3CN22339,I4CN10014,3fac10,google_books
W3CN22339,I4CN10015,cb81f4,google_books
W3CN22339,I4CN10016,37ac0f,google_books
W3CN22339,I4CN10017,e61a19,google_books
W3CN22339,I4CN10018,75baad,google_books
W3CN22339,I4CN10019,cbede4,google_books
W3CN22339,I4CN10020,c1b2f7,google_books
W3CN22339,I4CN10021,601a5e,google_books
W3CN22339,I4CN10022,c85511,google_books
W3CN22339,I4CN10023,bd4939,google_books
W3CN22339,I4CN10024,861157,google_books
W3CN22339,I4CN10025,ff213b,google_books
W3CN22340,I4CN10027,216ef5,google_books
W3CN22340,I4CN10028,0ef1b5,google_books
W3CN22340,I4CN10029,ee890c,google_books
W3CN22340,I4CN10030,9d2bd4,google_books
W3CN22340,I4CN10031,d97273,google_books
W3CN22340,I4CN10032,b43c37,google_books
W3CN22340,I4CN10033,1c0807,google_books
W3CN22340,I4CN10034,bc42ab,google_books
W3CN22340,I4CN10035,cd4728,google_books
W3CN22340,I4CN10036,3fcf86,google_books
W3CN22340,I4CN10037,fea4e7,google_books
W3CN22340,I4CN10038,cbf149,google_books
W3CN22340,I4CN10039,8faca7,google_books
W3CN22340,I4CN10040,64ff40,google_books
W3CN22340,I4CN10041,d26374,google_books
W3CN22340,I4CN10042,b6502b,google_books
W3CN22340,I4CN10043,255336,google_books
W3CN22340,I4CN10044,104694,google_books
W3CN22340,I4CN10045,725ff8,google_books
W3CN22340,I4CN10046,77f3b3,google_books
W3CN22340,I4CN10047,177c25,google_books
W3CN22340,I4CN10048,b76fdb,google_books
W3CN22340,I4CN10049,dea806,google_books
W3CN22340,I4CN10050,b08c5b,google_books
W3CN22340,I4CN10051,d79d59,google_books
W3CN22953,I4CN10445,86a211,google_books
W3CN22953,I4CN10446,b7b275,google_books
W3CN22953,I4CN10447,79ae7c,google_books
W3CN22953,I4CN10448,1c3c7f,google_books
W3CN22953,I4CN10449,a8f9bc,google_books
W3CN22956,I4CN10479,b73291,google_books
W3CN22956,I4CN10480,f90f4e,google_books
W3CN22956,I4CN10481,897875,google_books
W3CN22956,I4CN10482,97f8b1,google_books
W3CN25679,I4CN11279,6f1a5e,google_books
W3CN25679,I4CN11280,6fa324,google_books
W3CN25710,I3CN25773,0d466a,google_books
W3CN25710,I3CN25774,67ac40,google_books
W3CN25710,I3CN25775,a13fa0,google_books
W3CN25710,I3CN25776,31fc63,google_books
W3CN25710,I3CN25777,d902ee,google_books
W3CN25710,I3CN25778,6a6d49,google_books
W3CN25710,I3CN25779,48812a,google_books
W3CN25710,I3CN25780,b7c36d,google_books
W3CN25710,I3CN25781,f1a187,google_books
W3CN25710,I3CN25782,f91da3,google_books
W3CN25710,I3CN25783,ca9db3,google_books
W3CN25710,I3CN25784,942e38,google_books
W3CN25710,I3CN25785,8ec817,google_books
W3CN25710,I3CN25786,acb299,google_books
W3CN25710,I3CN25787,2d595f,google_books
W3CN25710,I3CN25788,36ca25,google_books
W3CN25710,I3CN25789,ed0a9d,google_books
W3CN25710,I3CN25790,59c25c,google_books
W3CN25710,I3CN25791,54379c,google_books
W3CN25710,I3CN25792,bf9133,google_books
W3CN25710,I3CN25793,8110a5,google_books
W3CN25710,I3CN25794,2f1b10,google_books
W3CN25710,I3CN25795,7dacd6,google_books
W3CN25710,I3CN25796,0a31bb,google_books
W3CN25710,I3CN25797,fc9467,google_books
W3CN25710,I3CN25798,b03cc9,google_books
W3CN25710,I3CN25799,7cf486,google_books
W3CN25710,I3CN25800,766083,google_books
W3CN25710,I3CN25801,871aff,google_books
W3CN25710,I3CN25802,a91062,google_books
W3CN25710,I3CN25803,852961,google_books
W3CN25710,I3CN25804,cb4461,google_books
W3CN25710,I3CN25805,b757c0,google_books
W3CN25710,I3CN25806,9df797,google_books
W3CN25710,I3CN25807,c6f351,google_books
W3CN25710,I3CN25808,b477b2,google_books
W3CN25710,I3CN25809,1e5b84,google_books
W3CN25710,I3CN25810,fbd685,google_books
W3CN25710,I3CN25811,99fc41,google_books
W3CN25710,I3CN25812,33985e,google_books
W3CN25710,I3CN25813,cb09c0,google_books
W3CN25710,I3CN25814,fdc5c0,google_books
W3CN25710,I3CN25815,64bbe2,google_books
W3CN25710,I3CN25816,c504bf,google_books
W3CN25710,I3CN25817,064987,google_books
W3CN25710,I3CN25818,f804ef,google_books
W3CN25710,I3CN25819,41591d,google_books
W3CN25710,I3CN25820,4dd61b,google_books
W3CN25710,I3CN25821,46263a,google_books
W3CN25710,I3CN25822,397ad4,google_books
W3CN25710,I3CN25823,ac7d44,google_books
W3CN25710,I3CN25824,d3b125,google_books
W3CN25710,I3CN25825,35fb69,google_books
W3CN25710,I3CN25826,bd010b,google_books
W3CN25710,I3CN25827,464161,google_books
W3CN25710,I3CN25828,e09af1,google_books
W3CN25710,I3CN25829,ecfe39,google_books
W3CN25710,I3CN25830,5ba35c,google_books
W3CN25710,I3CN25831,96a693,google_books
W3CN25710,I3CN25832,fd9309,google_books
W3CN25710,I3CN25833,a03229,google_books
W3CN25710,I3CN25834,e63e10,google_books
W3CN25710,I3CN25835,6e8748,google_books
W3CN25710,I3CN25836,0c18d1,google_books
W3CN25710,I3CN25837,3ea732,google_books
W3CN25710,I3CN25838,0fe96b,google_books
W3CN25710,I3CN25839,bd8a23,google_books
W3CN25710,I3CN25840,cdcce6,google_books
W3CN25710,I3CN25841,7822e1,google_books
W3CN25710,I3CN25842,949d30,google_books
W3CN25710,I3CN25843,84f01e,google_books
W3CN25710,I3CN25844,747354,google_books
W3CN25710,I3CN25845,8b6676,google_books
W3CN25710,I3CN25846,3a46e1,google_books
W3CN25710,I3CN25847,db47b8,google_books
W3CN25710,I3CN25848,ab0698,google_books
W3CN25710,I3CN25849,b1ce91,google_books
W3CN25710,I3CN25850,d788bd,google_books
W3CN25710,I3CN25851,971464,google_books
W3CN25710,I3CN25852,fdaea8,google_books
W3CN25710,I3CN25853,c31f94,google_books
W3CN25710,I3CN25854,dea3e2,google_books
W3CN25710,I3CN25855,4a79af,google_books
W3CN25710,I3CN25856,c457e6,google_books
W3CN25710,I3CN25857,b2cbe0,google_books
W3CN25710,I3CN25858,fa621a,google_books
W3CN25710,I3CN25859,7ff21a,google_books
W3CN25710,I3CN25860,02ec7e,google_books
W3CN25710,I3CN25861,aa4d4e,google_books
W3CN25710,I3CN25862,b73309,google_books
W3CN25710,I3CN25863,25aef4,google_books
W3CN25710,I3CN25864,a25255,google_books
W3CN25710,I3CN25865,5b6ca7,google_books
W3CN25710,I3CN25866,9ca40d,google_books
W3CN25710,I3CN25867,b4246a,google_books
W3CN25710,I3CN25868,064d05,google_books
W3CN25710,I3CN25869,90dca9,google_books
W3CN25710,I3CN25870,831b3c,google_books
W3CN25710,I3CN25871,b4248b,google_books
W3CN25710,I3CN25872,4ece05,google_books
W3CN25710,I3CN25873,e899a2,google_books
W3CN26493,I3CN26497,3892df,google_books
W3CN26493,I3CN26498,5613be,google_books
W3CN26813,I3CN26815,901ac6,google_books
W3CN26813,I3CN26816,b806ed,google_books
W3CN3401,I3CN3989,77a441,google_books
W3CN3401,I3CN3990,33176e,google_books
W3CN3402,I3CN3992,d07c39,google_books
W3CN3402,I3CN3993,b5f8cd,google_books
W3CN3403,I3CN3995,5b2741,google_books
W3CN3403,I3CN3996,67d6b5,google_books
W3CN3403,I3CN3997,a709be,google_books
W3CN3403,I3CN3998,a7f445,google_books
W3CN3403,I3CN3999,eb56fe,google_books
W3CN3403,I3CN4000,e7fab2,google_books
W3CN3403,I3CN4001,abd6c3,google_books
W3CN3404,I3CN4004,e5039b,google_books
W3CN3404,I3CN4005,fdf16c,google_books
W3CN3404,I3CN4006,63c2de,google_books
W3CN3404,I3CN4007,e62a8d,google_books
W3CN3404,I3CN4008,8f1c06,google_books
W3CN3404,I3CN4009,d0cddf,google_books
W3CN3404,I3CN4010,cde056,google_books
W3CN3404,I3CN4011,613604,google_books
W3CN3406,I3CN4383,8a66d1,google_books
W3CN3406,I3CN4384,f51452,google_books
W3CN3406,I3CN4385,c17c2e,google_books
W3CN3406,I3CN4386,90ded4,google_books
W3CN3409,I3CN10558,08a566,google_books
W3CN3409,I3CN10559,6a2eea,google_books
W3CN3409,I3CN10560,2eb5e7,google_books
W3CN3409,I3CN10561,e63f95,google_books
W3CN3409,I3CN10562,3b7a75,google_books
W3CN3409,I3CN10563,c69046,google_books
W3CN3409,I3CN10564,0e8a95,google_books
W3CN3409,I3CN10565,d14bf6,google_books
W3CN3409,I3CN10566,0f718d,google_books
W3CN3409,I3CN10567,97b115,google_books
W3CN3409,I3CN10568,ac0138,google_books
W3CN3409,I3CN10569,76c718,google_books
W3CN3409,I3CN10570,65bd57,google_books
W3CN3409,I3CN10571,039f36,google_books
W3CN3409,I3CN10572,b7207b,google_books
W3CN3409,I3CN10573,21cc5a,google_books
W3CN3409,I3CN10574,f7e5dc,google_books
W3CN3409,I3CN10575,17d103,google_books
W3CN3409,I3CN10576,ca0aac,google_books
W3CN3409,I3CN10577,6b0da2,google_books
W3CN3409,I3CN10578,2a44e0,google_books
W3CN3409,I3CN10579,a4347f,google_books
W3CN3409,I3CN10580,30979b,google_books
W3CN3409,I3CN10581,18eb52,google_books
W3CN3409,I3CN10582,64b0ac,google_books
W3CN3409,I3CN10583,a5123f,google_books
W3CN3412,I3CN4482,4398ab,google_books
W3CN3412,I3CN4483,fd15e6,google_books
W3CN3412,I3CN4484,601300,google_books
W3CN3412,I3CN4485,44ada2,google_books
W3CN3412,I3CN4486,769bfd,google_books
W3CN3416,I3CN8606,48abc7,google_books
W3CN3416,I3CN8607,0cf1ef,google_books
W3CN3416,I3CN8608,53c1c2,google_books
W3CN3416,I3CN8609,351713,google_books
W3CN3417,I3CN4496,f9c7ec,google_books
W3CN3417,I3CN4497,45137b,google_books
W3CN3417,I3CN4498,84e25c,google_books
W3CN3417,I3CN4499,705cae,google_books
W3CN3417,I3CN4500,6e0802,google_books
W3CN3417,I3CN4501,083ca0,google_books
W3CN3417,I3CN4502,51e43f,google_books
W3CN3417,I3CN4503,798f89,google_books
W3CN3417,I3CN4504,1178af,google_books
W3CN3417,I3CN4505,df50c8,google_books
W3CN4045,I3CN4374,dfa7f6,google_books
W3CN4045,I3CN4375,935ba2,google_books
W3CN4045,I3CN4376,bad8f7,google_books
W3CN4045,I3CN4377,2b222e,google_books
W3CN4705,I3CN4707,2604c3,google_books
W3CN4705,I3CN4708,8387d4,google_books
W3CN5519,I3CN5523,6ad01b,google_books
W3CN5519,I3CN5524,192282,google_books
W3CN5535,I3CN5537,7bfe43,google_books
W3CN5535,I3CN5538,f269c2,google_books
W3CN5593,I3CN5596,7c166d,google_books
W3CN5823,I3CN5825,c2d3c6,google_books
W3CN5823,I3CN5826,b063ed,google_books
W3CN5823,I3CN5827,962d85,google_books
W3CN5823,I3CN5828,0ec839,google_books
W3CN5823,I3CN5829,6ebeb8,google_books
W3CN5823,I3CN5830,64c828,google_books
W3CN5823,I3CN5831,75bf7a,google_books
W3CN5823,I3CN5832,781c8a,google_books
W3CN5823,I3CN5833,cb313b,google_books
W3CN5823,I3CN5834,13b6bf,google_books
W3CN5929,I3CN5931,2794bb,google_books
W3CN5929,I3CN5932,c42513,google_books
W3CN5929,I3CN5933,c01dcb,google_books
W3CN5929,I3CN5934,ad25b4,google_books
W3CN5929,I3CN5935,f5a53d,google_books
W3CN5929,I3CN5936,2e3692,google_books
W3CN5929,I3CN5937,8a8f7d,google_books
W3CN5929,I3CN5938,054238,google_books
W3CN5929,I3CN5939,4ce70d,google_books
W3CN5929,I3CN5940,db400c,google_books
W3CN5929,I3CN5941,75dfae,google_books
W3CN5929,I3CN5942,876811,google_books
W3CN5929,I3CN5943,bf7be7,google_books
W3CN5929,I3CN5944,ac35d8,google_books
W3CN5929,I3CN5945,42b00c,google_books
W3CN5929,I3CN5946,eab040,google_books
W3CN5929,I3CN5947,81c0a4,google_books
W3CN5929,I3CN5948,af1964,google_books
W3CN5929,I3CN5949,4b90f8,google_books
W3CN5929,I3CN5950,b53d48,google_books
W3CN5929,I3CN5951,452c58,google_books
W3CN5929,I3CN5952,fa1f07,google_books
W3CN5929,I3CN5953,dc059b,google_books
W3CN5929,I3CN5954,6696c5,google_books
W3CN5929,I3CN5955,25ce14,google_books
W3CN5929,I3CN5956,009569,google_books
W3CN5929,I3CN5957,3af920,google_books
W3CN5929,I3CN5958,e05d83,google_books
W3CN5929,I3CN5959,269b5d,google_books
W3CN5929,I3CN5960,943a91,google_books
W3CN5929,I3CN5961,5f94f7,google_books
W3CN5929,I3CN5962,995081,google_books
W3CN5929,I3CN5963,8b832b,google_books
W3CN5929,I3CN5964,23d0f8,google_books
W3CN5929,I3CN5965,c1b03c,google_books
W3CN5929,I3CN5966,5929af,google_books
W3CN5929,I3CN5967,4f8417,google_books
W3CN5929,I3CN5968,cd9c67,google_books
W3CN6024,I1KG85664,818b2b,google_books
W3CN6024,I1KG85665,0b71e3,google_books
W3CN6458,I3CN6460,537320,google_books
W3CN6458,I3CN6461,3e1c36,google_books
W3CN6654,I3CN6656,33ef3d,google_books
W3CN6654,I3CN6657,86dd1b,google_books
W3CN6918,I3CN6920,5d8bf0,google_books
W3CN6918,I3CN6921,7d92b5,google_books
W3CN7007,I3CN7011,e0c889,google_books
W3CN7007,I3CN7012,5989b6,google_books
W3CN7016,I3CN7018,44c694,google_books
W3CN7016,I3CN7019,d0903d,google_books
W3CN7020,I3CN7022,d499af,google_books
W3CN7020,I3CN7023,b143a2,google_books
W3CN7084,I3CN8461,54941d,google_books
W3CN7084,I3CN8462,f16e27,google_books
W3CN7087,I3CN7089,77bc4b,google_books
W3CN7087,I3CN7090,e081d4,google_vision
W3CN7087,I3CN7091,f04a9e,google_vision
W3CN7087,I3CN7092,020fa0,google_books
W3CN7087,I3CN7093,212569,google_books
W3CN7087,I3CN7094,409e7f,google_books
W3CN7087,I3CN7095,929221,google_books
W3CN7087,I3CN7096,c0d4f7,google_books
W3CN7087,I3CN7097,607379,google_books
W3CN7087,I3CN7098,fb5b09,google_books
W3CN7099,I3CN7101,694fee,google_books
W3CN7099,I3CN7102,6694af,google_books
W3CN7099,I3CN7103,90b896,google_books
W3CN7099,I3CN7104,f20184,google_books
W3CN7099,I3CN7105,417fc1,google_books
W3CN7099,I3CN7106,82044d,google_books
W3CN7099,I3CN7107,46012b,google_books
W3CN7099,I3CN7108,244f65,google_books
W3CN7099,I3CN7109,309d37,google_books
W3CN7099,I3CN7110,1f8405,google_books
W3CN7099,I3CN7111,38c8f4,google_books
W3CN7099,I3CN7112,340692,google_books
W3CN7099,I3CN7113,83cd70,google_books
W3CN7099,I3CN7114,c9ef35,google_books
W3CN7099,I3CN7116,106a08,google_books
W3CN7099,I3CN7117,8c08c3,google_books
W3CN7099,I3CN7118,759c74,google_books
W3CN7099,I3CN7120,3719cd,google_books
W3CN7913,I3CN7915,f73a4f,google_books
W3CN7913,I3CN7916,b33f9c,google_books
W3CN7913,I3CN7917,60a025,google_books
W3CN7913,I3CN7918,aa953b,google_books
W3CN7913,I3CN7919,633f26,google_books
W3CN8060,I3CN8062,91a5cc,google_books
W3CN8060,I3CN8063,4b8cab,google_books
W3CN8060,I3CN8064,202897,google_books
W3CN8060,I3CN8065,8c18ec,google_books
W3CN8060,I3CN8066,f31217,google_books
W3CN8142,I3CN8144,252ea2,google_books
W3CN8142,I3CN8145,56fbd4,google_books
W3CN8142,I3CN8146,efec69,google_books
W3CN8320,I3CN8322,7ca519,google_books
W3CN8324,I3CN8326,ec94f3,google_books
W3CN8324,I3CN8327,a80128,google_books
W3CN8324,I3CN8328,d982a1,google_books
W3JT13383,I3KG626,13dbb8,google_books
W3JT13383,I3KG627,21769d,google_books
W3JT13383,I3KG628,d2bcdb,google_books
W3JT13533,I3KG1455,b268d6,google_vision
W3JT13533,I3KG1456,37add7,google_vision
W3JT13533,I3KG1457,c0c9fb,google_vision
W3JT13533,I3KG1458,b2ea12,google_vision
W3JT13533,I3KG1459,0bfb20,google_vision
W3JT13533,I3KG1460,c4003c,google_vision
W3JT13533,I3KG1461,ce7301,google_vision
W3JT13533,I3KG1462,2640fb,google_vision
W3JT13533,I3KG1463,02dbec,google_vision
W3JT13533,I3KG1464,1cf3de,google_vision
W3JT13533,I3KG1465,e68ae8,google_vision
W3JT13533,I3KG1466,c5ef66,google_vision
W3JT13533,I3KG1467,97c9fe,google_vision
W3JT13533,I3KG1468,304992,google_vision
W3JT13533,I3KG1469,45b8e6,google_vision
W3JT13533,I3KG1470,66e6e6,google_vision
W3JT13533,I3KG1471,b8de51,google_vision
W3JT13533,I3KG1472,62b471,google_vision
W3JT13533,I3KG1473,4d9362,google_vision
W3JT13533,I3KG1474,d701dd,google_vision
W3JT13533,I3KG1475,4946d6,google_vision
W3JT13533,I3KG1476,428f74,google_vision
W3JT13533,I3KG1477,0c1df9,google_vision
W3JT13533,I3KG1478,aec047,google_vision
W3JT13533,I3KG1479,2c51b4,google_vision
W3JT13533,I3KG1480,e541a1,google_vision
W3JT13533,I3KG1481,4a0272,google_vision
W3JT13533,I3KG1482,a8c15e,google_vision
W3JT13533,I3KG1483,166cfd,google_vision
W3JT13533,I3KG1484,b36760,google_vision
W3JT13533,I3KG1485,2d6753,google_vision
W3JT13533,I3KG1486,5986da,google_vision
W3JT13533,I3KG1487,2f6753,google_vision
W3JT13533,I3KG1488,8df30e,google_vision
W3JT13533,I3KG1489,4dd5db,google_vision
W3JT13533,I3KG1490,acf81b,google_vision
W3JT13533,I3KG1491,22b205,google_vision
W3JT13533,I3KG1492,b8013b,google_vision
W3JT13533,I3KG1493,d41f3f,google_vision
W3JT13533,I3KG1494,29baab,google_vision
W3JT13533,I3KG1495,3ba8d5,google_vision
W3JT13533,I3KG1496,c364ad,google_vision
W3KG239,I3KG1013,1c6f31,google_books
W3KG239,I3KG1014,1b0be9,google_books
W3KG239,I3KG1015,5653d5,google_books
W3KG239,I3KG1016,1de8d2,google_books
W3KG239,I3KG1017,83ed72,google_books
W3KG239,I3KG1018,9499a5,google_books
W3KG239,I3KG1019,2a63ba,google_books
W3KG239,I3KG1020,5382f8,google_books
W3KG239,I3KG1021,9af841,google_books
W3KG239,I3KG1022,847311,google_books
W3KG239,I3KG1023,dff22d,google_books
W3KG239,I3KG1024,2b5f6c,google_books
W3KG239,I3KG1025,474df5,google_books
W3KG239,I3KG1026,977110,google_books
W3KG239,I3KG1027,ec0d9f,google_books
W3KG53,I3KG281,e561d7,google_books
W3KG53,I3KG282,38b5f1,google_books
W3KG53,I3KG283,59bd87,google_books
W3KG53,I3KG284,04451a,google_books
W3KG53,I3KG285,145891,google_books
W3KG53,I3KG286,f8583f,google_books
W3KG53,I3KG287,bdc7df,google_books
W3KG53,I3KG288,e89f95,google_books
W3KG53,I3KG289,088f64,google_books
W3KG53,I3KG290,07549e,google_books
W3KG53,I3KG291,d71416,google_books
W3KG53,I3KG292,c529e9,google_books
W3KG53,I3KG293,f5d01e,google_books
W3KG53,I3KG294,469b9c,google_books
W3KG53,I3KG295,ee1e5e,google_books
W3KG53,I3KG296,fefd54,google_books
W3KG53,I3KG297,6ad3a4,google_books
W3KG53,I3KG298,22e4cb,google_books
W3KG53,I3KG299,0f2c64,google_books
W3KG53,I3KG300,14cbe3,google_books
W3KG53,I3KG301,c44e85,google_books
W3KG53,I3KG302,48b972,google_books
W3KG53,I3KG303,e25bc4,google_books
W3KG53,I3KG304,9230e2,google_books
W3KG53,I3KG305,98b073,google_books
W3KG54,I3KG307,c4b36f,google_books
W3KG54,I3KG308,a63271,google_books
W3KG54,I3KG309,1fbf8c,google_books
W3KG54,I3KG310,d5bc03,google_books
W3KG54,I3KG311,daf7ca,google_books
W3KG54,I3KG312,ed76dd,google_books
W3KG54,I3KG313,a3d29a,google_books
W3KG55,I3KG321,b1708b,google_books
W3KG55,I3KG322,896ca6,google_books
W3KG55,I3KG323,e182d4,google_books
W3KG55,I3KG324,b6e3bb,google_books
W3KG55,I3KG325,391e7b,google_books
W3KG55,I3KG326,667ec8,google_books
W3KG55,I3KG327,09cd39,google_books
W3KG56,I3KG328,e04edb,google_books
W3KG56,I3KG329,e990b1,google_books
W3KG65,I3KG369,bc17ae,google_books
W3KG67,I3KG357,290807,google_books
W3KG68,I3KG358,e7a3ab,google_books
W3PD182,I4PD2625,5c6aaf,google_books
W3PD182,I4PD2626,9cd0f7,google_books
W3PD182,I4PD2627,1eca86,google_books
W3PD182,I4PD2628,caf403,google_books
W3PD182,I4PD2629,5652e1,google_books
W3PD182,I4PD2630,1e5707,google_books
W3PD182,I4PD2631,413d84,google_books
W3PD182,I4PD2632,16978d,google_books
W3PD186,I4CZ354923,673ad1,google_books
W3PD186,I4CZ354924,d1fb8d,google_books
W3PD186,I4CZ354925,6b95f6,google_books
W3PD186,I4CZ354926,b0b80c,google_books
W3PD186,I4CZ354927,94d6a1,google_books
W3PD186,I4CZ354928,97aedd,google_books
W3PD186,I4CZ354929,9df9a4,google_books
W3PD186,I4CZ354930,4844b7,google_books
W3PD186,I4CZ354931,04849d,google_books
W3PD186,I4CZ354932,9f91c6,google_books
W3PD186,I4CZ354933,4a0889,google_books
W3PD186,I4CZ354934,896bfa,google_books
W3PD188,I3PD266,c42649,google_books
W3PD188,I3PD267,453b40,google_books
W3PD188,I3PD268,67a213,google_books
W3PD188,I3PD269,41844a,google_books
W3PD188,I3PD270,831996,google_books
W3PD188,I3PD271,8c53c2,google_books
W3PD188,I3PD272,c566b6,google_books
W3PD188,I3PD273,dce3d8,google_books
W3PD188,I3PD274,31b9e9,google_books
W3PD188,I3PD275,e02d59,google_books
W3PD188,I3PD276,e7b213,google_books
W3PD188,I3PD277,e483ef,google_books
W3PD188,I3PD278,42fccb,google_books
W3PD188,I3PD279,5e36e0,google_books
W3PD188,I3PD280,dc995b,google_books
W3PD188,I3PD281,40143b,google_books
W3PD188,I3PD282,f69c47,google_books
W3PD188,I3PD283,c6b43d,google_books
W3PD189,I2PD18689,2bc800,google_books
W3PD189,I2PD18690,3a01a3,google_books
W3PD189,I2PD18691,b13b21,google_books
W3PD189,I2PD18692,bf7263,google_books
W3PD189,I2PD18693,4a1e8e,google_books
W3PD189,I2PD18694,40d8f8,google_books
W3PD229,I2PD20049,bbd546,google_books
W3PD229,I2PD20050,2a06d4,google_books
W3PD229,I2PD20051,b5be92,google_books
W3PD229,I2PD20052,61c648,google_books
W3PD229,I2PD20053,502cb4,google_books
W3PD229,I2PD20054,2cdb3c,google_books
W3PD229,I2PD20055,c5489f,google_books
W3PD229,I2PD20056,efe999,google_books
W3PD229,I2PD20057,ccbc3f,google_books
W3PD229,I2PD20058,33dedb,google_books
W3PD229,I2PD20059,0f97ea,google_books
W3PD229,I2PD20060,a14d81,google_books
W3PD394,I2PD17700,6e3ad7,google_books
W3PD394,I2PD17701,e138b9,google_books
W3PD405,I2PD18030,77d4af,google_books
W3PD405,I2PD18031,01aacb,google_books
W4CZ354445,I4CZ355076,0ae8c1,google_books
W4CZ354445,I4CZ355077,f2581e,google_books
W4CZ355892,I4CZ364108,9e2a3a,google_books
W4CZ355892,I4CZ364109,d32cc2,google_books
W4CZ355892,I4CZ364110,3b4232,google_books
W4CZ355892,I4CZ364111,97ab47,google_books
W4CZ355892,I4CZ364112,5fd2a1,google_books
W4CZ364081,I4CZ367208,4be4d6,google_books
W4CZ364081,I4CZ367209,6fad99,google_books
W4CZ364088,I4CZ367198,234112,google_books
W4CZ364088,I4CZ367199,8344fa,google_books
W4CZ364088,I4CZ367200,631368,google_books
W4CZ364088,I4CZ367201,eb3364,google_books
W4CZ364088,I4CZ367202,c9925d,google_books
W4CZ364088,I4CZ367203,2d0878,google_books
W4CZ364088,I4CZ367204,075345,google_books
W4CZ364088,I4CZ367205,e8e564,google_books
W4CZ364088,I4CZ367206,a96dd4,google_books
W4CZ46031,I4CZ46033,4602af,google_vision
W4CZ46031,I4CZ46034,42e4d7,google_vision
W4CZ57130,I4CZ57135,215bdd,google_books
W4CZ57130,I4CZ57136,f0e02c,google_books
W4CZ57130,I4CZ57137,f65711,google_books
W4CZ57130,I4CZ57138,e6e15e,google_books
W4CZ57130,I4CZ57139,471489,google_books
W4CZ57130,I4CZ57140,791e93,google_books
W4CZ58532,I4CZ58536,cf251f,google_books
W4CZ58532,I4CZ58537,9af5ac,google_books
W4CZ58532,I4CZ58538,1f1fdc,google_books
W4CZ58532,I4CZ58539,0a9382,google_books
W4CZ58532,I4CZ58540,07390f,google_books
W4CZ58532,I4CZ58541,9b7839,google_books
W4CZ58532,I4CZ58542,ba28fc,google_books
W4CZ58532,I4CZ58543,a61d95,google_books
W4CZ58532,I4CZ58544,b2b5f5,google_books
W4CZ58532,I4CZ58545,4cce5b,google_books
W4CZ58532,I4CZ58546,e90250,google_books
W4CZ58532,I4CZ58547,083470,google_books
W4CZ58532,I4CZ58548,545363,google_books
W4CZ58532,I4CZ58549,21b0c3,google_books
W4CZ58532,I4CZ58550,452c33,google_books
W4CZ58532,I4CZ58551,983927,google_books
W4CZ58532,I4CZ58552,d461bd,google_books
W4CZ58532,I4CZ58553,f71a30,google_books
W4CZ58532,I4CZ58554,02cf38,google_books
W4CZ58532,I4CZ58555,10b6b7,google_books
W4CZ58532,I4CZ58556,9512ac,google_books
W4CZ58532,I4CZ58557,1d9da9,google_books
W4CZ58532,I4CZ58558,0add46,google_books
W4CZ58532,I4CZ58560,55c85d,google_books
W4CZ58532,I4CZ58561,328ca3,google_books
W4CZ58532,I4CZ58562,e0e698,google_books
W4CZ58532,I4CZ58563,0dde3e,google_books
W4CZ58532,I4CZ58564,360f4e,google_books
W4CZ58532,I4CZ58565,d3f340,google_books
W4CZ58532,I4CZ58566,1700b9,google_books
W4CZ58532,I4CZ58567,eceb7c,google_books
W4CZ58532,I4CZ58568,9dd091,google_books
W4CZ58532,I4CZ58569,21feb2,google_books
W4CZ58532,I4CZ58570,f84897,google_books
W4CZ58532,I4CZ58571,00148c,google_books
W4CZ58532,I4CZ58572,0fc78e,google_books
W4CZ58532,I4CZ58573,a2594f,google_books
W4CZ58532,I4CZ58574,8e22d9,google_books
W4CZ58532,I4CZ58575,28a6f3,google_books
W4CZ58532,I4CZ58576,8fbbef,google_books
W4CZ58532,I4CZ58577,16c261,google_books
W4CZ58532,I4CZ58578,b82fb7,google_books
W4CZ58532,I4CZ58579,312b91,google_books
W4CZ58532,I4CZ58580,9df6fe,google_books
W4CZ58532,I4CZ58581,3e95f0,google_books
W4CZ58532,I4CZ58582,a2807e,google_books
W4CZ58532,I4CZ58583,2a2567,google_books
W4CZ58532,I4CZ58584,12e4c0,google_books
W4CZ58532,I4CZ58585,20023b,google_books
W4CZ58532,I4CZ58586,cc43cd,google_books
W4CZ58532,I4CZ58587,780272,google_books
W4CZ58532,I4CZ58588,4098fb,google_books
W4CZ58532,I4CZ58589,3a63fb,google_books
W4CZ58532,I4CZ58590,09f100,google_books
W4CZ58532,I4CZ58591,caf195,google_books
W4CZ58532,I4CZ58592,dbde6d,google_books
W4CZ58532,I4CZ58593,14b730,google_books
W4CZ58532,I4CZ58594,cf991b,google_books
W4CZ58532,I4CZ58595,ac8c6f,google_books
W4CZ58532,I4CZ58596,7672bd,google_books
W4CZ58532,I4CZ58597,bb03b1,google_books
W4CZ58532,I4CZ58598,f476ad,google_books
W4CZ58532,I4CZ58599,a2711c,google_books
W4CZ58532,I4CZ58600,40dbe2,google_books
W4CZ58532,I4CZ58601,5aa529,google_books
W4CZ58532,I4CZ58602,1c2efb,google_books
W4CZ58532,I4CZ58603,c29a10,google_books
W4CZ58532,I4CZ58604,7bd76e,google_books
W4CZ58532,I4CZ58605,2d1996,google_books
W4CZ58532,I4CZ58606,fcec74,google_books
W4CZ58532,I4CZ58607,84ed85,google_books
W4CZ58532,I4CZ58608,ef33a6,google_books
W4CZ58532,I4CZ58609,7362b4,google_books
W4CZ58532,I4CZ58610,47019a,google_books
W4CZ58532,I4CZ58611,9415b9,google_books
W4CZ58532,I4CZ58612,2974bb,google_books
W4CZ58532,I4CZ58613,aa8103,google_books
W4CZ58532,I4CZ58614,290d28,google_books
W4CZ58532,I4CZ58615,5b72ea,google_books
W4CZ58532,I4CZ58616,a7e315,google_books
W4CZ58532,I4CZ58617,6ebbdf,google_books
W4CZ58532,I4CZ58618,577136,google_books
W4CZ58532,I4CZ58619,c5b8e0,google_books
W4CZ58532,I4CZ58620,c50aaf,google_books
W4CZ58532,I4CZ58621,f41b65,google_books
W4CZ58532,I4CZ58622,fabe3c,google_books
W4CZ58532,I4CZ58623,a57b3e,google_books
W4CZ58532,I4CZ58624,fa5826,google_books
W4CZ58532,I4CZ58625,b6d184,google_books
W4CZ58532,I4CZ58626,67232e,google_books
W4CZ58532,I4CZ58627,b3b49e,google_books
W4CZ58532,I4CZ58628,bd0224,google_books
W4CZ58532,I4CZ58629,1661f6,google_books
W4CZ58532,I4CZ58630,1c6858,google_books
W4CZ58532,I4CZ58631,27cdc8,google_books
W4CZ58532,I4CZ58632,92d5a8,google_books
W4CZ58532,I4CZ58633,9d0519,google_books
W4CZ58532,I4CZ58634,b1a724,google_books
W4CZ58532,I4CZ58635,1a7348,google_books
W4CZ58532,I4CZ58636,3d5fc3,google_books
W4CZ58532,I4CZ58637,2ffe21,google_books
W4CZ58532,I4CZ58638,168cbe,google_books
W4CZ58532,I4CZ58639,528490,google_books
W4CZ58532,I4CZ58640,f06088,google_books
W4CZ58532,I4CZ58641,6fec8f,google_books
W4CZ58532,I4CZ58642,df1d72,google_books
W4CZ58532,I4CZ58643,ac6525,google_books
W4CZ58532,I4CZ58644,836e3f,google_books
W4CZ58532,I4CZ58645,c894f7,google_books
W4CZ58532,I4CZ58646,b57e6e,google_books
W4CZ58532,I4CZ58647,9b3ede,google_books
W4CZ58532,I4CZ58648,fa3089,google_books
W4CZ58532,I4CZ58649,02155e,google_books
W4CZ58532,I4CZ58650,8106ae,google_books
W4CZ58532,I4CZ58651,031efb,google_books
W4CZ58532,I4CZ58652,e3d859,google_books
W4CZ58532,I4CZ58653,bda640,google_books
W4CZ58532,I4CZ58654,6a6c4c,google_books
W4CZ58532,I4CZ58655,4e836f,google_books
W4CZ58532,I4CZ58656,6a0cfe,google_books
W4CZ58532,I4CZ58657,299ff8,google_books
W4CZ58532,I4CZ58658,ad9b1c,google_books
W4CZ58532,I4CZ58659,dbc672,google_books
W4CZ58532,I4CZ58660,2568e7,google_books
W4CZ58532,I4CZ58661,6a1ab8,google_books
W4CZ58532,I4CZ58662,50862c,google_books
W4CZ58532,I4CZ58663,576898,google_books
W4CZ58532,I4CZ58664,db41d5,google_books
W4CZ58532,I4CZ58665,a1edb5,google_books
W4CZ58532,I4CZ58666,4ddbca,google_books
W4CZ58532,I4CZ58667,e3c8c2,google_books
W4CZ58532,I4CZ58668,5350eb,google_books
W4CZ58532,I4CZ58669,4fc71b,google_books
W4CZ58532,I4CZ58670,311b1a,google_books
W4CZ58532,I4CZ58671,3fe784,google_books
W4CZ58532,I4CZ58672,320f6c,google_books
W4CZ58532,I4CZ58673,ee1c5a,google_books
W4CZ58532,I4CZ58674,73c61a,google_books
W4CZ58532,I4CZ58675,0423c1,google_books
W4CZ58532,I4CZ58676,66b443,google_books
W4CZ58532,I4CZ58677,29f7d1,google_books
W4CZ58532,I4CZ58678,c57a1f,google_books
W4CZ58532,I4CZ58679,89128f,google_books
W4CZ58532,I4CZ58680,232144,google_books
W4CZ58532,I4CZ58681,eefd73,google_books
W4CZ58532,I4CZ58682,876609,google_books
W4CZ58532,I4CZ58683,43f4fa,google_books
W4CZ58532,I4CZ58684,132a2f,google_books
W4CZ58532,I4CZ58685,de520f,google_books
W4CZ58532,I4CZ58686,c9e490,google_books
W4CZ58532,I4CZ58687,266368,google_books
W4CZ58532,I4CZ58688,52a312,google_books
W4CZ58532,I4CZ58689,c16def,google_books
W4CZ58532,I4CZ58690,f9d3ec,google_books
W4CZ58532,I4CZ58691,92bcc7,google_books
W4CZ58532,I4CZ58692,c78ae3,google_books
W4CZ58532,I4CZ58693,e81022,google_books
W4CZ58532,I4CZ58694,94cfb8,google_books
W4CZ58532,I4CZ58695,f41cc5,google_books
W4CZ58532,I4CZ58696,28ce03,google_books
W4CZ58532,I4CZ58697,7b1a47,google_books
W4CZ58532,I4CZ58698,3cae2f,google_books
W4CZ58532,I4CZ58699,7312e8,google_books
W4CZ58532,I4CZ58700,fc0782,google_books
W4CZ58532,I4CZ58701,546a47,google_books
W4CZ58532,I4CZ58702,af4da1,google_books
W4CZ58532,I4CZ58703,5a9475,google_books
W4CZ58532,I4CZ58704,80ad11,google_books
W4CZ58532,I4CZ58705,70746f,google_books
W4CZ58532,I4CZ58706,83bfb6,google_books
W4CZ58532,I4CZ58707,6b8645,google_books
W4CZ58532,I4CZ58708,98b199,google_books
W4CZ58532,I4CZ58709,a79a0b,google_books
W4CZ58532,I4CZ58710,883b38,google_books
W4CZ58532,I4CZ58711,23d369,google_books
W4CZ58532,I4CZ58712,a5da1b,google_books
W4CZ58532,I4CZ58713,4b6d82,google_books
W4CZ58532,I4CZ58714,8ce5f1,google_books
W4CZ58532,I4CZ58715,34197d,google_books
W4CZ58532,I4CZ58716,2f01e1,google_books
W4CZ58532,I4CZ58717,c87fbf,google_books
W4CZ58532,I4CZ58718,7193ee,google_books
W4CZ58532,I4CZ58719,2898e6,google_books
W4CZ58532,I4CZ58720,279543,google_books
W4CZ58532,I4CZ58721,722ec0,google_books
W4CZ58532,I4CZ58722,e1f7c9,google_books
W4CZ58532,I4CZ58723,f4ba04,google_books
W4CZ58532,I4CZ58724,5726c5,google_books
W4CZ58532,I4CZ58725,38e541,google_books
W4CZ58532,I4CZ58726,ec89f7,google_books
W4CZ58532,I4CZ58727,42ccf9,google_books
W4CZ58532,I4CZ58728,703b97,google_books
W4CZ58532,I4CZ58729,07611b,google_books
W4CZ58532,I4CZ58730,78b549,google_books
W4CZ58532,I4CZ58731,c01189,google_books
W4CZ58532,I4CZ58732,4960d4,google_books
W4CZ58532,I4CZ58733,7ec2d0,google_books
W4CZ58532,I4CZ58734,a1250d,google_books
W4CZ58532,I4CZ58735,67299d,google_books
W4CZ62374,I4CZ62376,ef5a59,google_books
W4CZ62374,I4CZ62377,2cb8ce,google_books
W4CZ62374,I4CZ62378,77fc11,google_books
W4CZ62374,I4CZ62379,babe47,google_books
W4CZ62374,I4CZ62380,4965a5,google_books
W4CZ62374,I4CZ62381,f771f5,google_books
W4CZ62374,I4CZ62382,411e84,google_books
W4CZ62374,I4CZ62383,b7ae17,google_books
W4PD3592,I4PD3643,b5b0e7,google_books
W4PD3592,I4PD3644,50f52b,google_books
W4PD3592,I4PD3645,5ba4e2,google_books
W4PD3592,I4PD3646,350dfb,google_books
W4PD3592,I4PD3647,67ab1b,google_books
W4PD3592,I4PD3648,8485be,google_books
W4PD3592,I4PD3649,5af54f,google_books
W4PD3592,I4PD3650,b31bf5,google_books
W4PD3592,I4PD3651,e3fa00,google_books
W4PD3592,I4PD3652,6e7a06,google_books
W4PD3592,I4PD3653,6508fc,google_books
W4PD3592,I4PD3654,c7dab3,google_books
W4PD3592,I4PD3655,b2f427,google_books
W4PD3592,I4PD3656,fd0205,google_books
W4PD3592,I4PD3657,6a22eb,google_books
W4PD3592,I4PD3658,33b7b4,google_books
W4PD3592,I4PD3659,e41b20,google_books
W4PD3592,I4PD3660,2268bd,google_books
W4PD3592,I4PD3661,8ddac8,google_books
W4PD3592,I4PD3662,0c2d6f,google_books
W4PD3592,I4PD3663,7641f4,google_books
W4PD3592,I4PD3664,ae7e63,google_books
W4PD3592,I4PD3665,9fff97,google_books
W4PD3592,I4PD3666,8c2fbb,google_books
W4PD3592,I4PD3667,fa361b,google_books
W4PD502,I4PD3972,09853b,google_books
W4PD502,I4PD3973,8374fc,google_books
W4PD502,I4PD3974,79431d,google_books
W4PD502,I4PD3975,7400ef,google_books
W4PD502,I4PD3976,0f1d19,google_books
W4PD502,I4PD3977,e806df,google_books
W4PD502,I4PD3978,6e09b7,google_books
W4PD502,I4PD3979,62b372,google_books
W4PD502,I4PD3980,96ad78,google_books
W4PD502,I4PD3981,1fa986,google_books
W4PD502,I4PD3982,074fd9,google_books
W4PD502,I4PD3983,bd2a55,google_books
W4PD502,I4PD3984,46bf08,google_books
W4PD502,I4PD3985,d9c95c,google_books
W4PD502,I4PD3986,fc1522,google_books
W4PD502,I4PD3987,819cdb,google_books
W4PD502,I4PD3988,208353,google_books
W4PD502,I4PD3989,e3689d,google_books
W4PD502,I4PD3990,651d97,google_books
W4PD502,I4PD3991,2465fb,google_books
W4PD502,I4PD3992,5f870e,google_books
W4PD502,I4PD3993,eb891d,google_books
W4PD502,I4PD3994,358dd5,google_books
W4PD502,I4PD3995,eaf551,google_books
W4PD502,I4PD3996,8d90ae,google_books
W4PD502,I4PD3997,0e5f27,google_books
W4PD502,I4PD3998,bc7e10,google_books
W4PD502,I4PD3999,e72583,google_books
W4PD502,I4PD4000,8f9d2a,google_books
W4PD502,I4PD4001,9280d1,google_books
W4PD502,I4PD4002,45a697,google_books
W4PD502,I4PD4003,e83ee4,google_books
W4PD502,I4PD4004,2946f8,google_books
W4PD502,I4PD4005,ed12f1,google_books
W4PD502,I4PD4006,36fe81,google_books
W4PD502,I4PD4007,d914a9,google_books
W4PD502,I4PD4008,c94a76,google_books
W4PD502,I4PD4009,db3a33,google_books
W4PD502,I4PD4010,0ab082,google_books
W4PD502,I4PD4011,f39f4e,google_books
W4PD502,I4PD4012,b1c55e,google_books
W4PD502,I4PD4013,541c47,google_books
W4PD502,I4PD4014,c7b3b7,google_books
W4PD502,I4PD4015,0c22a6,google_books
W4PD502,I4PD4016,90ea52,google_vision
W4PD502,I4PD4017,bcc943,google_books
W4PD502,I4PD4018,0c65a4,google_books
W4PD502,I4PD4019,eed972,google_books
W4PD502,I4PD4020,09f834,google_books
W4PD502,I4PD4021,8d7b22,google_books
W4PD502,I4PD4022,bc1b49,google_books
W4PD502,I4PD4023,1727d6,google_books
W4PD502,I4PD4024,34864e,google_books
W4PD502,I4PD4025,b8e096,google_books
W4PD502,I4PD4026,8dff66,google_books
W4PD502,I4PD4027,d8d250,google_books
W4PD502,I4PD4028,a2401a,google_books
W4PD502,I4PD4029,89df34,google_books
W4PD502,I4PD4030,6f5851,google_books
W4PD502,I4PD4031,e99284,google_books
W4PD502,I4PD4032,3d709d,google_books
W4PD502,I4PD4033,bc8a71,google_books
W4PD502,I4PD4034,fc49c2,google_books
W4PD502,I4PD4035,a21142,google_books
W4PD502,I4PD4036,480a52,google_books
W4PD502,I4PD4037,ad87fc,google_books
W4PD502,I4PD4038,b326f9,google_books
W4PD502,I4PD4039,37bde5,google_books
W4PD502,I4PD4040,0885ff,google_books
W4PD502,I4PD4041,2e8a5a,google_books
W4PD502,I4PD4042,c65ac4,google_books
W4PD502,I4PD4043,c1a1f7,google_books
W4PD502,I4PD4044,a50475,google_books
W4PD502,I4PD4045,7c7910,google_books
W4PD502,I4PD4046,f980ec,google_books
W4PD502,I4PD4047,7dbf8c,google_books
W4PD502,I4PD4048,bd3693,google_books
W4PD502,I4PD4049,74ae0f,google_books
W4PD502,I4PD4050,4d0464,google_books
W4PD502,I4PD4051,81c1bb,google_books
W4PD502,I4PD4052,2055d1,google_books
W4PD502,I4PD4053,42a8e6,google_books
W4PD502,I4PD4054,b1c650,google_books
W4PD502,I4PD4055,df5798,google_books
W4PD502,I4PD4056,efa5ef,google_books
W4PD502,I4PD4057,b4c067,google_books
W4PD502,I4PD4058,f6233c,google_books
W4PD502,I4PD4059,9e3c0c,google_books
W4PD502,I4PD4060,3a947f,google_books
W4PD502,I4PD4061,f91675,google_books
W4PD502,I4PD4062,46979e,google_books
W4PD502,I4PD4063,10b1b0,google_books
W4PD502,I4PD4064,8451a0,google_books
W4PD502,I4PD4065,914906,google_books
W4PD502,I4PD4066,b4cbe0,google_books
W4PD502,I4PD4067,f9aa7d,google_books
W4PD502,I4PD4068,a72888,google_books
W4PD502,I4PD4069,7952f3,google_books
W4PD502,I4PD4070,fb7b1b,google_books
W4PD502,I4PD4071,7b19c4,google_books
W4PD502,I4PD4072,670969,google_books
W4PD502,I4PD4073,a8e230,google_books
W4PD502,I4PD4074,b7423d,google_books
W4PD502,I4PD4075,1debd0,google_books
W4PD502,I4PD4076,a6e18a,google_books
W4PD502,I4PD4077,665fa2,google_books
W4PD502,I4PD4078,d5247c,google_books
W4PD502,I4PD4079,99be93,google_books
W4PD502,I4PD4080,ffdf16,google_books
W4PD502,I4PD4081,36989f,google_books
W4PD502,I4PD4082,84908b,google_books
W4PD502,I4PD4083,885920,google_books
W4PD502,I4PD4084,bfc99c,google_books
W4PD502,I4PD4085,5f24ed,google_books
W4PD502,I4PD4086,c6b8e2,google_books
W4PD502,I4PD4087,8b8d2d,google_books
W4PD502,I4PD4088,ba74fa,google_books
W4PD502,I4PD4089,453914,google_books
W4PD502,I4PD4090,8809f8,google_books
W4PD502,I4PD4091,50d5d2,google_books
W4PD502,I4PD4092,6662d8,google_books
W4PD502,I4PD4093,474b81,google_books
W4PD502,I4PD4094,14682c,google_vision
W4PD502,I4PD4095,3bd809,google_books
W4PD502,I4PD4096,18fe78,google_books
W4PD502,I4PD4097,bbaa69,google_vision
W4PD502,I4PD4098,40b662,google_books
W4PD502,I4PD4099,5bd464,google_books
W4PD502,I4PD4100,1b8ca0,google_books
W4PD502,I4PD4101,075f2e,google_books
W4PD502,I4PD4102,dbc7d6,google_books
W4PD502,I4PD4103,5ad853,google_books
W4PD502,I4PD4104,4c78da,google_books
W4PD502,I4PD4105,bfe72f,google_books
W4PD502,I4PD4106,855a54,google_books
W4PD502,I4PD4107,398583,google_books
W4PD502,I4PD4108,7d41a4,google_books
W4PD502,I4PD4109,fe0ba7,google_books
W4PD502,I4PD4110,620619,google_books
W4PD502,I4PD4111,7e82fa,google_books
W4PD502,I4PD4112,2d3920,google_books
W4PD502,I4PD4113,0fe90e,google_vision
W4PD502,I4PD4114,24e317,google_books
W4PD502,I4PD4115,4ffc36,google_books
W4PD502,I4PD4116,c23f9f,google_books
W4PD502,I4PD4117,dfa622,google_books
W4PD502,I4PD4118,d879bb,google_vision
W4PD502,I4PD4119,8b6faf,google_vision
W4PD502,I4PD4120,2690b3,google_books
W4PD502,I4PD4121,e6607c,google_books
W4PD502,I4PD4122,a64e00,google_books
W4PD504,I4PD4399,bbc1c1,google_vision
W4PD504,I4PD4400,e34ca1,google_books
W4PD504,I4PD4401,fc1b08,google_books
W4PD504,I4PD4402,c64faf,google_books
W4PD504,I4PD4403,6be749,google_books
W4PD504,I4PD4404,de4fff,google_books
W4PD504,I4PD4405,f02c74,google_books
W4PD504,I4PD4406,319254,google_books
W8483,I1KG15651,e75fcd,google_vision
W8483,I1KG15652,6bb8fa,google_vision
W8LS20251,I8LS20797,41229c,google_books
W8LS20251,I8LS20798,e3f721,google_books
W8LS20344,I8LS20346,3f79a7,google_vision
W8LS20344,I8LS20347,1ce3e9,google_vision
W8LS20344,I8LS20348,c7e1c1,google_vision
W8LS20344,I8LS20349,52a202,google_vision
W8LS20344,I8LS20350,489d98,google_vision
W8LS20344,I8LS20351,18f317,google_books
W8LS20344,I8LS20352,32f197,google_books
W8LS20344,I8LS20354,b8dd42,google_books
W8LS20344,I8LS20355,1fbdf7,google_books
W8LS20344,I8LS20356,6fcc5a,google_books
W8LS20344,I8LS20357,919d0e,google_books
W8LS20344,I8LS20358,c81ea4,google_vision
W8LS20344,I8LS20359,93cc83,google_vision
W8LS20344,I8LS20360,8e3e3e,google_books
W8LS20344,I8LS20361,f3a019,google_vision
W8LS20344,I8LS20362,ef95aa,google_vision
W8LS20344,I8LS20363,38cd54,google_vision
W8LS20344,I8LS20364,49c333,google_vision
W8LS20344,I8LS20365,fa3ab9,google_vision
W8LS20344,I8LS20366,0c58ad,google_vision
W8LS20344,I8LS20367,c9952b,google_books
W8LS20344,I8LS20368,754cb5,google_vision
W8LS20344,I8LS20369,d8014c,google_vision
W8LS20344,I8LS20370,8f282b,google_vision
W8LS20386,I8LS20388,f31c40,google_books
W8LS20386,I8LS20389,fd648d,google_books
W8LS20390,I8LS20392,a06bf7,google_books
W8LS20390,I8LS20393,1bca28,google_books
W8LS20390,I8LS20394,830c23,google_books
W8LS20390,I8LS20395,3c284b,google_books
W8LS20390,I8LS20396,17c718,google_books
W8LS20390,I8LS20397,acfb43,google_books
W8LS20390,I8LS20398,ebd388,google_books
W8LS20390,I8LS20399,4d3d36,google_books
W8LS20390,I8LS20400,c37048,google_books
W8LS20390,I8LS20401,51fa95,google_books
W8LS20390,I8LS20402,b18a55,google_books
W8LS20390,I8LS20403,8b4722,google_books
W8LS20390,I8LS20404,4d2edd,google_books
W8LS20390,I8LS20405,b4da4c,google_books
W8LS20390,I8LS20406,5d065d,google_books
W8LS20390,I8LS20407,807144,google_books
W8LS20390,I8LS20408,693721,google_books
W8LS20390,I8LS20409,0232ed,google_books
W8LS20390,I8LS20410,392a5e,google_books
W8LS20390,I8LS20411,4df1a6,google_books
W8LS20390,I8LS20412,f87ba6,google_books
W8LS20390,I8LS20413,d18521,google_books
W8LS20390,I8LS20414,1b5083,google_books
W8LS24034,I3KG152,c9ab50,google_books
W8LS24034,I8LS24036,f72ae9,google_books
W8LS32718,I8LS33315,b03bb8,google_books
W8LS32718,I8LS33316,8c507a,google_books
W8LS32718,I8LS33317,826ce6,google_books
W8LS32718,I8LS33318,4c0849,google_books
W8LS32718,I8LS33319,35397e,google_books
W8LS32718,I8LS33320,bdee69,google_books
W8LS32718,I8LS33321,e99af4,google_books
W8LS32718,I8LS33322,c17b55,google_books
W8LS32718,I8LS33323,3d9231,google_books
W8LS32718,I8LS33324,ba7f87,google_books
W8LS32718,I8LS33325,4c903f,google_books
W8LS32718,I8LS33326,a5cd3d,google_books
W8LS36294,I8LS36296,a0bc25,google_books
W8LS36294,I8LS36297,d15d7e,google_books
W8LS36298,I8LS36300,e5bdb5,google_books
W8LS36298,I8LS36301,9cab98,google_books
W8LS36302,I8LS36304,bc1945,google_books
W8LS36302,I8LS36305,c67519,google_books
W8LS67685,I8LS67687,5178e8,google_books
W8LS67685,I8LS67688,6faecd,google_books
W8LS73547,I8LS73549,c32934,google_books
W8LS73547,I8LS73550,1446e2,google_books
W8LS73547,I8LS73551,8c5ed6,google_books
W8LS73547,I8LS73552,e10ce3,google_books
W8LS73547,I8LS73553,0be9c3,google_books
W8LS73547,I8LS73554,746cc8,google_books
W8LS73547,I8LS73555,50875f,google_books
W8LS73547,I8LS73556,db6752,google_books
W8LS73547,I8LS73557,91c0d2,google_books
W8LS73547,I8LS73558,1da75e,google_books
W8LS73547,I8LS73559,674b56,google_books
W8LS73547,I8LS73560,77f949,google_books
W8LS73746,I8LS73748,127561,google_books
W8LS73746,I8LS73749,b76f9f,google_books
W8LS76148,I8LS76150,2ebebf,google_books
W8LS76148,I8LS76151,70bd3d,google_books
W8LS76156,I8LS76158,ee1e0e,google_books
W8LS76156,I8LS76159,e91cea,google_books
W8LS76219,I8LS76221,d6779c,google_books
W8LS76219,I8LS76222,b43bf2,google_books
W8LS76219,I8LS76223,4b3ce6,google_books
W8LS76219,I8LS76224,ec7336,google_books
W8LS76219,I8LS76225,d2ab68,google_books
W8LS76219,I8LS76226,798010,google_books
W8LS76219,I8LS76227,c8016d,google_books
W8LS76219,I8LS76228,50049f,google_books
W8LS76219,I8LS76229,0e676a,google_books
W8LS76219,I8LS76230,493fca,google_books
W8LS76219,I8LS76231,193cdb,google_books
W8LS76219,I8LS76232,3a54b4,google_books
W8LS76219,I8LS76233,73e0a7,google_books
W8LS76219,I8LS76234,bdbd61,google_books
W8LS76219,I8LS76235,0017f9,google_books
W8LS76219,I8LS76236,cede5b,google_books
W8LS76237,I8LS76239,fb1136,google_books
W8LS76237,I8LS76240,1cac9b,google_books
W8LS76237,I8LS76241,60d954,google_books
W8LS76237,I8LS76242,e34627,google_books
W8LS76237,I8LS76243,e58e46,google_books
W8LS76237,I8LS76244,637a3d,google_books
W8LS76237,I8LS76245,41846a,google_books
W8LS76237,I8LS76246,30039c,google_books
W8LS76237,I8LS76247,ac20ad,google_books
W8LS76237,I8LS76248,718a18,google_books
W8LS76237,I8LS76249,fea5ac,google_books
W8LS76353,I8LS76355,1a839b,google_books
W8LS76353,I8LS76356,6e4c17,google_books
W8LS76353,I8LS76357,3c8f38,google_books
W8LS76353,I8LS76358,94ef08,google_books
